title,id,primary,secret,server,farm,view_count,comment_count,count_photo,count_video,risorsa
"Palermo, Sant'Erasmo",72157690260513735,38717547361,2d798fe9b4,4574,5,31,0,39,0,23960498297
"Palermo, Sant'Erasmo",72157690260513735,38717547361,2d798fe9b4,4574,5,31,0,39,0,23962250567
"Palermo, Sant'Erasmo",72157690260513735,38717547361,2d798fe9b4,4574,5,31,0,39,0,23962313127
"Palermo, la Marina",72157663333525298,38796277182,1e546db4c6,4526,5,48,0,51,0,23983458577
"Palermo, Sant'Erasmo",72157690260513735,38717547361,2d798fe9b4,4574,5,31,0,39,0,23983458577
"Palermo, la Marina",72157663333525298,38796277182,1e546db4c6,4526,5,48,0,51,0,24005459107
"Palermo, la Cala",72157688389942214,37889303806,3f1d1de170,4484,5,96,0,30,0,24091794518
"Palermo, la Marina",72157663333525298,38796277182,1e546db4c6,4526,5,48,0,51,0,24209172018
"Palermo, la Cala",72157688389942214,37889303806,3f1d1de170,4484,5,96,0,30,0,24209172018
"Palermo, il Porto",72157687801943471,38385408121,dce89375ab,4535,5,94,0,72,0,24254932888
"Palermo, il Porto",72157687801943471,38385408121,dce89375ab,4535,5,94,0,72,0,24256637448
"Palermo, il Porto",72157687801943471,38385408121,dce89375ab,4535,5,94,0,72,0,24408262328
"Palermo, il Porto",72157687801943471,38385408121,dce89375ab,4535,5,94,0,72,0,24408433498
"Palermo, la Marina",72157663333525298,38796277182,1e546db4c6,4526,5,48,0,51,0,24409782298
"Palermo, le Vie",72157687154069622,37788707035,50102a5b3b,4571,5,125,0,116,0,24409782298
"Palermo, il Porto",72157687801943471,38385408121,dce89375ab,4535,5,94,0,72,0,24410244438
"Palermo, le Porte",72157687308321742,38331816956,cc11f51c93,4527,5,40,0,65,0,24513385398
"Palermo, il Porto",72157687801943471,38385408121,dce89375ab,4535,5,94,0,72,0,24513540388
"Palermo, il Porto",72157687801943471,38385408121,dce89375ab,4535,5,94,0,72,0,24513735118
"Palermo, le Porte",72157687308321742,38331816956,cc11f51c93,4527,5,40,0,65,0,24514126988
"Palermo, la Marina",72157663333525298,38796277182,1e546db4c6,4526,5,48,0,51,0,24537517068
"Palermo, le Porte",72157687308321742,38331816956,cc11f51c93,4527,5,40,0,65,0,24537517068
"Palermo, il Porto",72157687801943471,38385408121,dce89375ab,4535,5,94,0,72,0,24538921528
"Palermo, le Porte",72157687308321742,38331816956,cc11f51c93,4527,5,40,0,65,0,24539149868
"Palermo, il Porto",72157687801943471,38385408121,dce89375ab,4535,5,94,0,72,0,24539173958
"Palermo, il Porto",72157687801943471,38385408121,dce89375ab,4535,5,94,0,72,0,24539366888
"Palermo, le Porte",72157687308321742,38331816956,cc11f51c93,4527,5,40,0,65,0,24539371248
"Palermo, il Porto",72157687801943471,38385408121,dce89375ab,4535,5,94,0,72,0,24540188788
"Palermo, le Porte",72157687308321742,38331816956,cc11f51c93,4527,5,40,0,65,0,24540337488
"Palermo, la Cala",72157688389942214,37889303806,3f1d1de170,4484,5,96,0,30,0,24540337488
"Palermo, il Porto",72157687801943471,38385408121,dce89375ab,4535,5,94,0,72,0,24540400498
"Palermo, il Porto",72157687801943471,38385408121,dce89375ab,4535,5,94,0,72,0,24540694658
"Palermo, le Porte",72157687308321742,38331816956,cc11f51c93,4527,5,40,0,65,0,24540719758
"Palermo, il Porto",72157687801943471,38385408121,dce89375ab,4535,5,94,0,72,0,24540814148
"Palermo, la Marina",72157663333525298,38796277182,1e546db4c6,4526,5,48,0,51,0,24540922888
"Palermo, le Porte",72157687308321742,38331816956,cc11f51c93,4527,5,40,0,65,0,24540922888
"Palermo, le Porte",72157687308321742,38331816956,cc11f51c93,4527,5,40,0,65,0,24540980828
"Palermo, le Porte",72157687308321742,38331816956,cc11f51c93,4527,5,40,0,65,0,24541357148
"Palermo, il Porto",72157687801943471,38385408121,dce89375ab,4535,5,94,0,72,0,24561600048
"Palermo, le Vie",72157687154069622,37788707035,50102a5b3b,4571,5,125,0,116,0,24562133978
"Palermo, le Vie",72157687154069622,37788707035,50102a5b3b,4571,5,125,0,116,0,24562171198
"Palermo, le Piazze",72157666391675469,26655930469,4483ae88f2,4551,5,106,0,115,0,24581695538
"Palermo, le Vie",72157687154069622,37788707035,50102a5b3b,4571,5,125,0,116,0,24581695538
"Palermo, le Vie",72157687154069622,37788707035,50102a5b3b,4571,5,125,0,116,0,24581934608
"Palermo, le Piazze",72157666391675469,26655930469,4483ae88f2,4551,5,106,0,115,0,24663686398
"Palermo, le Piazze",72157666391675469,26655930469,4483ae88f2,4551,5,106,0,115,0,24664911248
"Palermo, le Piazze",72157666391675469,26655930469,4483ae88f2,4551,5,106,0,115,0,24722842768
"Palermo, le Vie",72157687154069622,37788707035,50102a5b3b,4571,5,125,0,116,0,24723531748
"Palermo, le Vie",72157687154069622,37788707035,50102a5b3b,4571,5,125,0,116,0,24723722448
"Palermo, le Piazze",72157666391675469,26655930469,4483ae88f2,4551,5,106,0,115,0,24803009958
"Palermo, le Piazze",72157666391675469,26655930469,4483ae88f2,4551,5,106,0,115,0,24822085338
"Palermo, le Vie",72157687154069622,37788707035,50102a5b3b,4571,5,125,0,116,0,24824204198
"Palermo, i Teatri",72157696738809002,26920747949,72b1722a80,4550,5,44,0,57,0,24824688528
"Palermo, le Vie",72157687154069622,37788707035,50102a5b3b,4571,5,125,0,116,0,24824688528
"Palermo, le Vie",72157687154069622,37788707035,50102a5b3b,4571,5,125,0,116,0,24845796148
"Palermo, le Vie",72157687154069622,37788707035,50102a5b3b,4571,5,125,0,116,0,24845878818
"Palermo, il Porto",72157687801943471,38385408121,dce89375ab,4535,5,94,0,72,0,24845878818
"Palermo, le vie dell'Acqua",72157691908983201,26942704379,fc82b0de13,4555,5,25,0,17,0,24846812258
"Palermo, Sant'Erasmo",72157690260513735,38717547361,2d798fe9b4,4574,5,31,0,39,0,24846812258
"Palermo, Sant'Erasmo",72157690260513735,38717547361,2d798fe9b4,4574,5,31,0,39,0,24954547798
"Palermo, la Marina",72157663333525298,38796277182,1e546db4c6,4526,5,48,0,51,0,24954625178
"Palermo, Sant'Erasmo",72157690260513735,38717547361,2d798fe9b4,4574,5,31,0,39,0,24954625178
"Palermo, Sant'Erasmo",72157690260513735,38717547361,2d798fe9b4,4574,5,31,0,39,0,24976040928
"Palermo, disastro via Lattarini",72157691909423261,39479595285,1623f51900,4616,5,23,0,7,0,25504183677
"Palermo, le Vie",72157687154069622,37788707035,50102a5b3b,4571,5,125,0,116,0,25504183677
"Palermo, disastro via Lattarini",72157691909423261,39479595285,1623f51900,4616,5,23,0,7,0,25504289757
"Palermo, le Vie",72157687154069622,37788707035,50102a5b3b,4571,5,125,0,116,0,25504289757
"Palermo, disastro via Lattarini",72157691909423261,39479595285,1623f51900,4616,5,23,0,7,0,25504326307
"Palermo, le Vie",72157687154069622,37788707035,50102a5b3b,4571,5,125,0,116,0,25504326307
"Palermo, lo Statuto",72157691910775161,39480377955,4fab63ba6a,4723,5,30,0,9,0,25505293117
"Palermo, lo Statuto",72157691910775161,39480377955,4fab63ba6a,4723,5,30,0,9,0,25505431387
"Palermo, la Marina",72157663333525298,38796277182,1e546db4c6,4526,5,48,0,51,0,25505803237
"Palermo, le Vie",72157687154069622,37788707035,50102a5b3b,4571,5,125,0,116,0,25623733247
"Palermo, le vie dell'Acqua",72157691908983201,26942704379,fc82b0de13,4555,5,25,0,17,0,25761133747
"Palermo, la Cala",72157688389942214,37889303806,3f1d1de170,4484,5,96,0,30,0,26260065599
"Palermo, la Cala",72157688389942214,37889303806,3f1d1de170,4484,5,96,0,30,0,26260490989
"Palermo, il Porto",72157687801943471,38385408121,dce89375ab,4535,5,94,0,72,0,26331713639
"Palermo, il Porto",72157687801943471,38385408121,dce89375ab,4535,5,94,0,72,0,26332269479
"Palermo, il Porto",72157687801943471,38385408121,dce89375ab,4535,5,94,0,72,0,26332464669
"Palermo, il Porto",72157687801943471,38385408121,dce89375ab,4535,5,94,0,72,0,26482143179
"Palermo, il Porto",72157687801943471,38385408121,dce89375ab,4535,5,94,0,72,0,26482215229
"Palermo, il Porto",72157687801943471,38385408121,dce89375ab,4535,5,94,0,72,0,26503200939
"Palermo, la Marina",72157663333525298,38796277182,1e546db4c6,4526,5,48,0,51,0,26505545768
"Palermo, lo Statuto",72157691910775161,39480377955,4fab63ba6a,4723,5,30,0,9,0,26506520138
"Palermo, il Porto",72157687801943471,38385408121,dce89375ab,4535,5,94,0,72,0,26506565929
"Palermo, la Marina",72157663333525298,38796277182,1e546db4c6,4526,5,48,0,51,0,26506583428
"Palermo, la Marina",72157663333525298,38796277182,1e546db4c6,4526,5,48,0,51,0,26506640178
"Palermo, le Porte",72157687308321742,38331816956,cc11f51c93,4527,5,40,0,65,0,26506640178
"Palermo, la Zisa",72157689677139110,39527408970,468eee9858,868,1,17,0,17,0,26512935687
"Palermo, il Porto",72157687801943471,38385408121,dce89375ab,4535,5,94,0,72,0,26524640918
"Palermo, la Cala",72157688389942214,37889303806,3f1d1de170,4484,5,96,0,30,0,26524640918
"Palermo, la Marina",72157663333525298,38796277182,1e546db4c6,4526,5,48,0,51,0,26545516938
"Palermo, le Porte",72157687308321742,38331816956,cc11f51c93,4527,5,40,0,65,0,26545516938
"Palermo, le Porte",72157687308321742,38331816956,cc11f51c93,4527,5,40,0,65,0,26608586379
"Palermo, il Porto",72157687801943471,38385408121,dce89375ab,4535,5,94,0,72,0,26609011779
"Palermo, il Porto",72157687801943471,38385408121,dce89375ab,4535,5,94,0,72,0,26609388289
"Palermo, le Piazze",72157666391675469,26655930469,4483ae88f2,4551,5,106,0,115,0,26610682169
"Palermo, le Porte",72157687308321742,38331816956,cc11f51c93,4527,5,40,0,65,0,26610682169
"Palermo, la Marina",72157663333525298,38796277182,1e546db4c6,4526,5,48,0,51,0,26623047728
"Palermo, la Kalsa",72157692911450514,39665913454,2bf36d044f,4770,5,26,0,10,0,26623380118
"Palermo, la Kalsa",72157692911450514,39665913454,2bf36d044f,4770,5,26,0,10,0,26623612718
"Palermo, le Vie",72157687154069622,37788707035,50102a5b3b,4571,5,125,0,116,0,26623991258
"Palermo, le Piazze",72157666391675469,26655930469,4483ae88f2,4551,5,106,0,115,0,26624173348
"Palermo, la Marina",72157663333525298,38796277182,1e546db4c6,4526,5,48,0,51,0,26632645749
"Palermo, le Porte",72157687308321742,38331816956,cc11f51c93,4527,5,40,0,65,0,26632645749
"Palermo, il Porto",72157687801943471,38385408121,dce89375ab,4535,5,94,0,72,0,26634396369
"Palermo, il Porto",72157687801943471,38385408121,dce89375ab,4535,5,94,0,72,0,26635296469
"Palermo, le vie dell'Acqua",72157691908983201,26942704379,fc82b0de13,4555,5,25,0,17,0,26635522059
"Palermo, le Porte",72157687308321742,38331816956,cc11f51c93,4527,5,40,0,65,0,26635522059
"Palermo, il Porto",72157687801943471,38385408121,dce89375ab,4535,5,94,0,72,0,26635540409
"Palermo, il Porto",72157687801943471,38385408121,dce89375ab,4535,5,94,0,72,0,26635650069
"Palermo, le Porte",72157687308321742,38331816956,cc11f51c93,4527,5,40,0,65,0,26635916489
"Palermo, le Piazze",72157666391675469,26655930469,4483ae88f2,4551,5,106,0,115,0,26655930469
"Palermo, le Piazze",72157666391675469,26655930469,4483ae88f2,4551,5,106,0,115,0,26656123879
"Palermo, le Piazze",72157666391675469,26655930469,4483ae88f2,4551,5,106,0,115,0,26656336329
"Palermo, le Vie",72157687154069622,37788707035,50102a5b3b,4571,5,125,0,116,0,26656928999
"Palermo, le Piazze",72157666391675469,26655930469,4483ae88f2,4551,5,106,0,115,0,26658068789
"Palermo, le Vie",72157687154069622,37788707035,50102a5b3b,4571,5,125,0,116,0,26658068789
"Palermo, le Piazze",72157666391675469,26655930469,4483ae88f2,4551,5,106,0,115,0,26761650709
"Palermo, le Piazze",72157666391675469,26655930469,4483ae88f2,4551,5,106,0,115,0,26761678939
"Palermo, le Piazze",72157666391675469,26655930469,4483ae88f2,4551,5,106,0,115,0,26761940129
"Palermo, le Piazze",72157666391675469,26655930469,4483ae88f2,4551,5,106,0,115,0,26780712359
"Palermo, le Vie",72157687154069622,37788707035,50102a5b3b,4571,5,125,0,116,0,26802185339
"Palermo, le Piazze",72157666391675469,26655930469,4483ae88f2,4551,5,106,0,115,0,26818027619
"Palermo, le Piazze",72157666391675469,26655930469,4483ae88f2,4551,5,106,0,115,0,26818081559
"Palermo, le Vie",72157687154069622,37788707035,50102a5b3b,4571,5,125,0,116,0,26819150019
"Palermo, la Zisa",72157689677139110,39527408970,468eee9858,868,1,17,0,17,0,26844418977
"Palermo, le Vie",72157687154069622,37788707035,50102a5b3b,4571,5,125,0,116,0,26897772059
"Palermo, le Vie",72157687154069622,37788707035,50102a5b3b,4571,5,125,0,116,0,26897900399
"Palermo, le Vie",72157687154069622,37788707035,50102a5b3b,4571,5,125,0,116,0,26898043649
"Palermo, le Vie",72157687154069622,37788707035,50102a5b3b,4571,5,125,0,116,0,26898114109
"Palermo, le Vie",72157687154069622,37788707035,50102a5b3b,4571,5,125,0,116,0,26898240629
"Palermo, le Piazze",72157666391675469,26655930469,4483ae88f2,4551,5,106,0,115,0,26899592519
"Palermo, le Piazze",72157666391675469,26655930469,4483ae88f2,4551,5,106,0,115,0,26900376129
"Palermo, la Kalsa",72157692911450514,39665913454,2bf36d044f,4770,5,26,0,10,0,26900496389
"Palermo, le Piazze",72157666391675469,26655930469,4483ae88f2,4551,5,106,0,115,0,26900496389
"Palermo, le Piazze",72157666391675469,26655930469,4483ae88f2,4551,5,106,0,115,0,26900605189
"Palermo, le Vie",72157687154069622,37788707035,50102a5b3b,4571,5,125,0,116,0,26900605189
"Palermo, i Teatri",72157696738809002,26920747949,72b1722a80,4550,5,44,0,57,0,26920747949
"Palermo, le Vie",72157687154069622,37788707035,50102a5b3b,4571,5,125,0,116,0,26920747949
"Palermo, i Teatri",72157696738809002,26920747949,72b1722a80,4550,5,44,0,57,0,26921398509
"Palermo, le Vie",72157687154069622,37788707035,50102a5b3b,4571,5,125,0,116,0,26921398509
"Palermo, i Teatri",72157696738809002,26920747949,72b1722a80,4550,5,44,0,57,0,26922296389
"Palermo, le Piazze",72157666391675469,26655930469,4483ae88f2,4551,5,106,0,115,0,26922296389
"Palermo, le Vie",72157687154069622,37788707035,50102a5b3b,4571,5,125,0,116,0,26922296389
"Palermo, i Teatri",72157696738809002,26920747949,72b1722a80,4550,5,44,0,57,0,26922488609
"Palermo, le Piazze",72157666391675469,26655930469,4483ae88f2,4551,5,106,0,115,0,26922488609
"Palermo, le Vie",72157687154069622,37788707035,50102a5b3b,4571,5,125,0,116,0,26922488609
"Palermo, il Palazzo Reale",72157668271638498,40994349474,8a28535450,958,1,35,0,68,0,26929657857
"Palermo, il Palazzo Reale",72157668271638498,40994349474,8a28535450,958,1,35,0,68,0,26931206057
"Palermo, le Piazze",72157666391675469,26655930469,4483ae88f2,4551,5,106,0,115,0,26940934399
"Palermo, le Piazze",72157666391675469,26655930469,4483ae88f2,4551,5,106,0,115,0,26941394589
"Palermo, le Piazze",72157666391675469,26655930469,4483ae88f2,4551,5,106,0,115,0,26941474559
"Palermo, le Piazze",72157666391675469,26655930469,4483ae88f2,4551,5,106,0,115,0,26941553359
"Palermo, le Vie",72157687154069622,37788707035,50102a5b3b,4571,5,125,0,116,0,26941553359
"Palermo, le vie dell'Acqua",72157691908983201,26942704379,fc82b0de13,4555,5,25,0,17,0,26942704379
"Palermo, Sant'Erasmo",72157690260513735,38717547361,2d798fe9b4,4574,5,31,0,39,0,26942704379
"Palermo, le vie dell'Acqua",72157691908983201,26942704379,fc82b0de13,4555,5,25,0,17,0,26942896689
"Palermo, Sant'Erasmo",72157690260513735,38717547361,2d798fe9b4,4574,5,31,0,39,0,26942896689
"Palermo, le Vie",72157687154069622,37788707035,50102a5b3b,4571,5,125,0,116,0,26942909419
"Palermo, le Vie",72157687154069622,37788707035,50102a5b3b,4571,5,125,0,116,0,26943433379
"Palermo, il Porto",72157687801943471,38385408121,dce89375ab,4535,5,94,0,72,0,26943433379
"Palermo, Sant'Erasmo",72157690260513735,38717547361,2d798fe9b4,4574,5,31,0,39,0,26944024619
"Palermo, Sant'Erasmo",72157690260513735,38717547361,2d798fe9b4,4574,5,31,0,39,0,27048433499
"Palermo, la Marina",72157663333525298,38796277182,1e546db4c6,4526,5,48,0,51,0,27072132419
"Palermo, Sant'Erasmo",72157690260513735,38717547361,2d798fe9b4,4574,5,31,0,39,0,27072132419
"Palermo, la Marina",72157663333525298,38796277182,1e546db4c6,4526,5,48,0,51,0,27373678649
"Palermo, le Porte",72157687308321742,38331816956,cc11f51c93,4527,5,40,0,65,0,27373678649
"Palermo, la Marina",72157663333525298,38796277182,1e546db4c6,4526,5,48,0,51,0,27373727679
"Palermo, le Porte",72157687308321742,38331816956,cc11f51c93,4527,5,40,0,65,0,27373727679
"Palermo, la Marina",72157663333525298,38796277182,1e546db4c6,4526,5,48,0,51,0,27373858629
"Palermo, le Vie",72157687154069622,37788707035,50102a5b3b,4571,5,125,0,116,0,27373858629
"Palermo, la Zisa",72157689677139110,39527408970,468eee9858,868,1,17,0,17,0,27464945908
"Palermo, il Palazzo Reale",72157668271638498,40994349474,8a28535450,958,1,35,0,68,0,27555316027
"Palermo, il Palazzo Reale",72157668271638498,40994349474,8a28535450,958,1,35,0,68,0,27555457627
"Palermo, il Palazzo Reale",72157668271638498,40994349474,8a28535450,958,1,35,0,68,0,27555458047
"Palermo, la Zisa",72157689677139110,39527408970,468eee9858,868,1,17,0,17,0,27843394758
"Palermo, i Palazzi",72157696025498881,40827297940,0a6ae6ca87,1739,2,48,0,49,0,27920564157
"Palermo, il Palazzo Reale",72157668271638498,40994349474,8a28535450,958,1,35,0,68,0,27928967058
"Palermo, il Palazzo Reale",72157668271638498,40994349474,8a28535450,958,1,35,0,68,0,27929127388
"Palermo, il Palazzo Reale",72157668271638498,40994349474,8a28535450,958,1,35,0,68,0,27930898458
"Palermo, Ville e dimore storiche",72157698240123224,42306676705,9f60fe62e8,847,1,81,0,103,0,28341829257
"Palermo, Ville e dimore storiche",72157698240123224,42306676705,9f60fe62e8,847,1,81,0,103,0,28341867637
"Palermo, Ville e dimore storiche",72157698240123224,42306676705,9f60fe62e8,847,1,81,0,103,0,28425917257
"Palermo, Ville e dimore storiche",72157698240123224,42306676705,9f60fe62e8,847,1,81,0,103,0,28445284127
"Palermo, Ville e dimore storiche",72157698240123224,42306676705,9f60fe62e8,847,1,81,0,103,0,28445602487
"Palermo, Ville e dimore storiche",72157698240123224,42306676705,9f60fe62e8,847,1,81,0,103,0,28468059357
"Palermo, Ville e dimore storiche",72157698240123224,42306676705,9f60fe62e8,847,1,81,0,103,0,28489150977
"Palermo, il Palazzo Reale",72157668271638498,40994349474,8a28535450,958,1,35,0,68,0,28552059598
"Palermo, il Palazzo Reale",72157668271638498,40994349474,8a28535450,958,1,35,0,68,0,28552293788
"Palermo, il Palazzo Reale",72157668271638498,40994349474,8a28535450,958,1,35,0,68,0,28552294198
"Palermo, la Cuba",72157695748130741,41746428954,4753205871,1727,2,16,0,5,0,28597549138
"Palermo, Ville e dimore storiche",72157698240123224,42306676705,9f60fe62e8,847,1,81,0,103,0,28696735947
"Palermo, la Cuba",72157695748130741,41746428954,4753205871,1727,2,16,0,5,0,28761965638
"Palermo, i Palazzi",72157696025498881,40827297940,0a6ae6ca87,1739,2,48,0,49,0,28841070117
"Palermo, Ville e dimore storiche",72157698240123224,42306676705,9f60fe62e8,847,1,81,0,103,0,28841586797
"Palermo, Ville e dimore storiche",72157698240123224,42306676705,9f60fe62e8,847,1,81,0,103,0,28841835977
"Palermo, Ville e dimore storiche",72157698240123224,42306676705,9f60fe62e8,847,1,81,0,103,0,28863179157
"Palermo, i Teatri",72157696738809002,26920747949,72b1722a80,4550,5,44,0,57,0,28962715237
"Palermo, i Teatri",72157696738809002,26920747949,72b1722a80,4550,5,44,0,57,0,28962743247
"Palermo, Ville e dimore storiche",72157698240123224,42306676705,9f60fe62e8,847,1,81,0,103,0,29005021297
"Palermo, Ville e dimore storiche",72157698240123224,42306676705,9f60fe62e8,847,1,81,0,103,0,29005021877
"Palermo, i Palazzi",72157696025498881,40827297940,0a6ae6ca87,1739,2,48,0,49,0,29143388618
"Palermo, la Kalsa",72157692911450514,39665913454,2bf36d044f,4770,5,26,0,10,0,29143388618
"Palermo, la Marina",72157663333525298,38796277182,1e546db4c6,4526,5,48,0,51,0,29143388618
"Palermo, Ville e dimore storiche",72157698240123224,42306676705,9f60fe62e8,847,1,81,0,103,0,29424823818
"Palermo, Ville e dimore storiche",72157698240123224,42306676705,9f60fe62e8,847,1,81,0,103,0,29488165228
"Palermo, Ville e dimore storiche",72157698240123224,42306676705,9f60fe62e8,847,1,81,0,103,0,29488207588
"Palermo, i Palazzi",72157696025498881,40827297940,0a6ae6ca87,1739,2,48,0,49,0,29488266108
"Palermo, i Palazzi",72157696025498881,40827297940,0a6ae6ca87,1739,2,48,0,49,0,29488578638
"Palermo, Ville e dimore storiche",72157698240123224,42306676705,9f60fe62e8,847,1,81,0,103,0,29488614688
"Palermo, Ville e dimore storiche",72157698240123224,42306676705,9f60fe62e8,847,1,81,0,103,0,29714257698
"Palermo, le Piazze",72157666391675469,26655930469,4483ae88f2,4551,5,106,0,115,0,30007765498
"Palermo, Ville e dimore storiche",72157698240123224,42306676705,9f60fe62e8,847,1,81,0,103,0,30007766078
"Palermo, Ville e dimore storiche",72157698240123224,42306676705,9f60fe62e8,847,1,81,0,103,0,30007766808
"Palermo, i Palazzi",72157696025498881,40827297940,0a6ae6ca87,1739,2,48,0,49,0,30007768078
"Palermo, Ville e dimore storiche",72157698240123224,42306676705,9f60fe62e8,847,1,81,0,103,0,30072644418
"Palermo, i Palazzi",72157696025498881,40827297940,0a6ae6ca87,1739,2,48,0,49,0,30072988228
"Palermo, Ville e dimore storiche",72157698240123224,42306676705,9f60fe62e8,847,1,81,0,103,0,30073134058
"Palermo, Ville e dimore storiche",72157698240123224,42306676705,9f60fe62e8,847,1,81,0,103,0,30073151108
"Palermo, Ville e dimore storiche",72157698240123224,42306676705,9f60fe62e8,847,1,81,0,103,0,30073607128
"Palermo, Ville e dimore storiche",72157698240123224,42306676705,9f60fe62e8,847,1,81,0,103,0,30073845578
"Palermo, Ville e dimore storiche",72157698240123224,42306676705,9f60fe62e8,847,1,81,0,103,0,30073926638
"Palermo, i Teatri",72157696738809002,26920747949,72b1722a80,4550,5,44,0,57,0,30197079258
"Palermo, gli Alberghi",72157697070534502,44018710162,76de31697a,1838,2,30,0,89,0,30393165247
"Palermo, gli Alberghi",72157697070534502,44018710162,76de31697a,1838,2,30,0,89,0,30393165357
"Palermo, gli Alberghi",72157697070534502,44018710162,76de31697a,1838,2,30,0,89,0,30393165547
"Palermo, gli Alberghi",72157697070534502,44018710162,76de31697a,1838,2,30,0,89,0,31458761988
"Palermo, gli Alberghi",72157697070534502,44018710162,76de31697a,1838,2,30,0,89,0,31458861848
"Palermo, Parchi e Ville",72157704964923074,45283179852,9e76ce1c3c,1905,2,18,0,14,0,32365480857
"Palermo, Parchi e Ville",72157704964923074,45283179852,9e76ce1c3c,1905,2,18,0,14,0,33195306728
"Palermo, Parchi e Ville",72157704964923074,45283179852,9e76ce1c3c,1905,2,18,0,14,0,33195418708
"Palermo, Parchi e Ville",72157704964923074,45283179852,9e76ce1c3c,1905,2,18,0,14,0,33195570758
"Palermo, la Cala",72157688389942214,37889303806,3f1d1de170,4484,5,96,0,30,0,37233782634
"Palermo, la Cala",72157688389942214,37889303806,3f1d1de170,4484,5,96,0,30,0,37327064554
"Palermo, la Cala",72157688389942214,37889303806,3f1d1de170,4484,5,96,0,30,0,37349785504
"Palermo, la Cala",72157688389942214,37889303806,3f1d1de170,4484,5,96,0,30,0,37349974174
"Palermo, la Cala",72157688389942214,37889303806,3f1d1de170,4484,5,96,0,30,0,37350169294
"Palermo, il Porto",72157687801943471,38385408121,dce89375ab,4535,5,94,0,72,0,37352462054
"Palermo, il Porto",72157687801943471,38385408121,dce89375ab,4535,5,94,0,72,0,37398006534
"Palermo, il Porto",72157687801943471,38385408121,dce89375ab,4535,5,94,0,72,0,37398117164
"Palermo, il Porto",72157687801943471,38385408121,dce89375ab,4535,5,94,0,72,0,37398224024
"Palermo, le Vie",72157687154069622,37788707035,50102a5b3b,4571,5,125,0,116,0,37566824875
"Palermo, le Vie",72157687154069622,37788707035,50102a5b3b,4571,5,125,0,116,0,37566908965
"Palermo, le Vie",72157687154069622,37788707035,50102a5b3b,4571,5,125,0,116,0,37569810265
"Palermo, il Porto",72157687801943471,38385408121,dce89375ab,4535,5,94,0,72,0,37570438034
"Palermo, il Porto",72157687801943471,38385408121,dce89375ab,4535,5,94,0,72,0,37570874694
"Palermo, il Porto",72157687801943471,38385408121,dce89375ab,4535,5,94,0,72,0,37571331374
"Palermo, il Porto",72157687801943471,38385408121,dce89375ab,4535,5,94,0,72,0,37571411254
"Palermo, le Piazze",72157666391675469,26655930469,4483ae88f2,4551,5,106,0,115,0,37648767075
"Palermo, le Piazze",72157666391675469,26655930469,4483ae88f2,4551,5,106,0,115,0,37649951735
"Palermo, le Porte",72157687308321742,38331816956,cc11f51c93,4527,5,40,0,65,0,37669807164
"Palermo, le Porte",72157687308321742,38331816956,cc11f51c93,4527,5,40,0,65,0,37669853424
"Palermo, il Porto",72157687801943471,38385408121,dce89375ab,4535,5,94,0,72,0,37670335134
"Palermo, il Porto",72157687801943471,38385408121,dce89375ab,4535,5,94,0,72,0,37670511904
"Palermo, il Porto",72157687801943471,38385408121,dce89375ab,4535,5,94,0,72,0,37670729134
"Palermo, le Piazze",72157666391675469,26655930469,4483ae88f2,4551,5,106,0,115,0,37688576895
"Palermo, le Vie",72157687154069622,37788707035,50102a5b3b,4571,5,125,0,116,0,37689403045
"Palermo, le Vie",72157687154069622,37788707035,50102a5b3b,4571,5,125,0,116,0,37689992055
"Palermo, le Vie",72157687154069622,37788707035,50102a5b3b,4571,5,125,0,116,0,37690235345
"Palermo, le Porte",72157687308321742,38331816956,cc11f51c93,4527,5,40,0,65,0,37696126154
"Palermo, il Porto",72157687801943471,38385408121,dce89375ab,4535,5,94,0,72,0,37696321824
"Palermo, le Porte",72157687308321742,38331816956,cc11f51c93,4527,5,40,0,65,0,37697067894
"Palermo, la Cala",72157688389942214,37889303806,3f1d1de170,4484,5,96,0,30,0,37697067894
"Palermo, le Piazze",72157666391675469,26655930469,4483ae88f2,4551,5,106,0,115,0,37706838505
"Palermo, le Piazze",72157666391675469,26655930469,4483ae88f2,4551,5,106,0,115,0,37707000355
"Palermo, il Porto",72157687801943471,38385408121,dce89375ab,4535,5,94,0,72,0,37718477414
"Palermo, le Piazze",72157666391675469,26655930469,4483ae88f2,4551,5,106,0,115,0,37719048004
"Palermo, le Vie",72157687154069622,37788707035,50102a5b3b,4571,5,125,0,116,0,37719048004
"Palermo, le Vie",72157687154069622,37788707035,50102a5b3b,4571,5,125,0,116,0,37786711805
"Palermo, le Piazze",72157666391675469,26655930469,4483ae88f2,4551,5,106,0,115,0,37787682625
"Palermo, le Porte",72157687308321742,38331816956,cc11f51c93,4527,5,40,0,65,0,37787682625
"Palermo, le Piazze",72157666391675469,26655930469,4483ae88f2,4551,5,106,0,115,0,37788707035
"Palermo, le Vie",72157687154069622,37788707035,50102a5b3b,4571,5,125,0,116,0,37788707035
"Palermo, le Piazze",72157666391675469,26655930469,4483ae88f2,4551,5,106,0,115,0,37808226635
"Palermo, le Piazze",72157666391675469,26655930469,4483ae88f2,4551,5,106,0,115,0,37808442065
"Palermo, le Vie",72157687154069622,37788707035,50102a5b3b,4571,5,125,0,116,0,37808442065
"Palermo, le Vie",72157687154069622,37788707035,50102a5b3b,4571,5,125,0,116,0,37809084655
"Palermo, le Piazze",72157666391675469,26655930469,4483ae88f2,4551,5,106,0,115,0,37829671515
"Palermo, Sant'Erasmo",72157690260513735,38717547361,2d798fe9b4,4574,5,31,0,39,0,37830395915
"Palermo, Sant'Erasmo",72157690260513735,38717547361,2d798fe9b4,4574,5,31,0,39,0,37830600235
"Palermo, Sant'Erasmo",72157690260513735,38717547361,2d798fe9b4,4574,5,31,0,39,0,37830787695
"Palermo, le vie dell'Acqua",72157691908983201,26942704379,fc82b0de13,4555,5,25,0,17,0,37830902935
"Palermo, Sant'Erasmo",72157690260513735,38717547361,2d798fe9b4,4574,5,31,0,39,0,37830902935
"Palermo, le Vie",72157687154069622,37788707035,50102a5b3b,4571,5,125,0,116,0,37831492195
"Palermo, il Porto",72157687801943471,38385408121,dce89375ab,4535,5,94,0,72,0,37831492195
"Palermo, le Vie",72157687154069622,37788707035,50102a5b3b,4571,5,125,0,116,0,37860625404
"Palermo, le vie dell'Acqua",72157691908983201,26942704379,fc82b0de13,4555,5,25,0,17,0,37860738714
"Palermo, le Vie",72157687154069622,37788707035,50102a5b3b,4571,5,125,0,116,0,37860738714
"Palermo, le Piazze",72157666391675469,26655930469,4483ae88f2,4551,5,106,0,115,0,37878072914
"Palermo, le Piazze",72157666391675469,26655930469,4483ae88f2,4551,5,106,0,115,0,37878244704
"Palermo, le Vie",72157687154069622,37788707035,50102a5b3b,4571,5,125,0,116,0,37878589674
"Palermo, la Cala",72157688389942214,37889303806,3f1d1de170,4484,5,96,0,30,0,37889303806
"Palermo, Sant'Erasmo",72157690260513735,38717547361,2d798fe9b4,4574,5,31,0,39,0,37938297325
"Palermo, Sant'Erasmo",72157690260513735,38717547361,2d798fe9b4,4574,5,31,0,39,0,37938454915
"Palermo, Sant'Erasmo",72157690260513735,38717547361,2d798fe9b4,4574,5,31,0,39,0,37938527245
"Palermo, le Piazze",72157666391675469,26655930469,4483ae88f2,4551,5,106,0,115,0,37957515984
"Palermo, le Piazze",72157666391675469,26655930469,4483ae88f2,4551,5,106,0,115,0,37957973514
"Palermo, le Piazze",72157666391675469,26655930469,4483ae88f2,4551,5,106,0,115,0,37958432084
"Palermo, le Piazze",72157666391675469,26655930469,4483ae88f2,4551,5,106,0,115,0,37958488444
"Palermo, le Porte",72157687308321742,38331816956,cc11f51c93,4527,5,40,0,65,0,37958488444
"Palermo, le Piazze",72157666391675469,26655930469,4483ae88f2,4551,5,106,0,115,0,37978797334
"Palermo, le Vie",72157687154069622,37788707035,50102a5b3b,4571,5,125,0,116,0,37978797334
"Palermo, i Teatri",72157696738809002,26920747949,72b1722a80,4550,5,44,0,57,0,37979009134
"Palermo, le Vie",72157687154069622,37788707035,50102a5b3b,4571,5,125,0,116,0,37979009134
"Palermo, i Teatri",72157696738809002,26920747949,72b1722a80,4550,5,44,0,57,0,37979027914
"Palermo, le Piazze",72157666391675469,26655930469,4483ae88f2,4551,5,106,0,115,0,37979027914
"Palermo, le Vie",72157687154069622,37788707035,50102a5b3b,4571,5,125,0,116,0,37979027914
"Palermo, le Piazze",72157666391675469,26655930469,4483ae88f2,4551,5,106,0,115,0,37979353914
"Palermo, le Vie",72157687154069622,37788707035,50102a5b3b,4571,5,125,0,116,0,37979675644
"Palermo, la Cala",72157688389942214,37889303806,3f1d1de170,4484,5,96,0,30,0,37982458196
"Palermo, la Cala",72157688389942214,37889303806,3f1d1de170,4484,5,96,0,30,0,37982868266
"Palermo, la Cala",72157688389942214,37889303806,3f1d1de170,4484,5,96,0,30,0,37982991976
"Palermo, le Piazze",72157666391675469,26655930469,4483ae88f2,4551,5,106,0,115,0,37999645734
"Palermo, le Vie",72157687154069622,37788707035,50102a5b3b,4571,5,125,0,116,0,37999645734
"Palermo, le Vie",72157687154069622,37788707035,50102a5b3b,4571,5,125,0,116,0,38001660134
"Palermo, la Cala",72157688389942214,37889303806,3f1d1de170,4484,5,96,0,30,0,38004073212
"Palermo, la Cala",72157688389942214,37889303806,3f1d1de170,4484,5,96,0,30,0,38004520782
"Palermo, la Cala",72157688389942214,37889303806,3f1d1de170,4484,5,96,0,30,0,38004869686
"Palermo, la Cala",72157688389942214,37889303806,3f1d1de170,4484,5,96,0,30,0,38005316322
"Palermo, la Cala",72157688389942214,37889303806,3f1d1de170,4484,5,96,0,30,0,38005965206
"Palermo, la Cala",72157688389942214,37889303806,3f1d1de170,4484,5,96,0,30,0,38029083302
"Palermo, la Cala",72157688389942214,37889303806,3f1d1de170,4484,5,96,0,30,0,38029160692
"Palermo, la Cala",72157688389942214,37889303806,3f1d1de170,4484,5,96,0,30,0,38035897861
"Palermo, il Porto",72157687801943471,38385408121,dce89375ab,4535,5,94,0,72,0,38053237856
"Palermo, la Cala",72157688389942214,37889303806,3f1d1de170,4484,5,96,0,30,0,38059585691
"Palermo, la Cala",72157688389942214,37889303806,3f1d1de170,4484,5,96,0,30,0,38060128971
"Palermo, la Cala",72157688389942214,37889303806,3f1d1de170,4484,5,96,0,30,0,38061806991
"Palermo, il Porto",72157687801943471,38385408121,dce89375ab,4535,5,94,0,72,0,38062317961
"Palermo, Sant'Erasmo",72157690260513735,38717547361,2d798fe9b4,4574,5,31,0,39,0,38108760064
"Palermo, il Porto",72157687801943471,38385408121,dce89375ab,4535,5,94,0,72,0,38108809251
"Palermo, Sant'Erasmo",72157690260513735,38717547361,2d798fe9b4,4574,5,31,0,39,0,38111010224
"Palermo, Sant'Erasmo",72157690260513735,38717547361,2d798fe9b4,4574,5,31,0,39,0,38111040824
"Palermo, Sant'Erasmo",72157690260513735,38717547361,2d798fe9b4,4574,5,31,0,39,0,38111113524
"Palermo, la Marina",72157663333525298,38796277182,1e546db4c6,4526,5,48,0,51,0,38132840264
"Palermo, Sant'Erasmo",72157690260513735,38717547361,2d798fe9b4,4574,5,31,0,39,0,38132840264
"Palermo, il Porto",72157687801943471,38385408121,dce89375ab,4535,5,94,0,72,0,38203742756
"Palermo, il Porto",72157687801943471,38385408121,dce89375ab,4535,5,94,0,72,0,38226783806
"Palermo, il Porto",72157687801943471,38385408121,dce89375ab,4535,5,94,0,72,0,38227139346
"Palermo, il Porto",72157687801943471,38385408121,dce89375ab,4535,5,94,0,72,0,38227368726
"Palermo, il Porto",72157687801943471,38385408121,dce89375ab,4535,5,94,0,72,0,38247221432
"Palermo, il Porto",72157687801943471,38385408121,dce89375ab,4535,5,94,0,72,0,38279508671
"Palermo, il Porto",72157687801943471,38385408121,dce89375ab,4535,5,94,0,72,0,38281752091
"Palermo, le Porte",72157687308321742,38331816956,cc11f51c93,4527,5,40,0,65,0,38329484596
"Palermo, il Porto",72157687801943471,38385408121,dce89375ab,4535,5,94,0,72,0,38329591536
"Palermo, le Porte",72157687308321742,38331816956,cc11f51c93,4527,5,40,0,65,0,38329676486
"Palermo, le Piazze",72157666391675469,26655930469,4483ae88f2,4551,5,106,0,115,0,38330462046
"Palermo, le Porte",72157687308321742,38331816956,cc11f51c93,4527,5,40,0,65,0,38330462046
"Palermo, la Marina",72157663333525298,38796277182,1e546db4c6,4526,5,48,0,51,0,38331656116
"Palermo, le Porte",72157687308321742,38331816956,cc11f51c93,4527,5,40,0,65,0,38331656116
"Palermo, la Marina",72157663333525298,38796277182,1e546db4c6,4526,5,48,0,51,0,38331816956
"Palermo, le Porte",72157687308321742,38331816956,cc11f51c93,4527,5,40,0,65,0,38331816956
"Palermo, la Marina",72157663333525298,38796277182,1e546db4c6,4526,5,48,0,51,0,38353394286
"Palermo, le Porte",72157687308321742,38331816956,cc11f51c93,4527,5,40,0,65,0,38353394286
"Palermo, le Porte",72157687308321742,38331816956,cc11f51c93,4527,5,40,0,65,0,38353599722
"Palermo, le Porte",72157687308321742,38331816956,cc11f51c93,4527,5,40,0,65,0,38353853782
"Palermo, le Porte",72157687308321742,38331816956,cc11f51c93,4527,5,40,0,65,0,38353970242
"Palermo, il Porto",72157687801943471,38385408121,dce89375ab,4535,5,94,0,72,0,38354003382
"Palermo, le Porte",72157687308321742,38331816956,cc11f51c93,4527,5,40,0,65,0,38354434212
"Palermo, il Porto",72157687801943471,38385408121,dce89375ab,4535,5,94,0,72,0,38354597452
"Palermo, le Porte",72157687308321742,38331816956,cc11f51c93,4527,5,40,0,65,0,38354736762
"Palermo, la Marina",72157663333525298,38796277182,1e546db4c6,4526,5,48,0,51,0,38354901752
"Palermo, le Porte",72157687308321742,38331816956,cc11f51c93,4527,5,40,0,65,0,38354901752
"Palermo, la Marina",72157663333525298,38796277182,1e546db4c6,4526,5,48,0,51,0,38354958796
"Palermo, le Porte",72157687308321742,38331816956,cc11f51c93,4527,5,40,0,65,0,38354958796
"Palermo, la Marina",72157663333525298,38796277182,1e546db4c6,4526,5,48,0,51,0,38354978962
"Palermo, le Porte",72157687308321742,38331816956,cc11f51c93,4527,5,40,0,65,0,38354978962
"Palermo, le Porte",72157687308321742,38331816956,cc11f51c93,4527,5,40,0,65,0,38355113312
"Palermo, il Porto",72157687801943471,38385408121,dce89375ab,4535,5,94,0,72,0,38355137276
"Palermo, le Piazze",72157666391675469,26655930469,4483ae88f2,4551,5,106,0,115,0,38355751666
"Palermo, le Porte",72157687308321742,38331816956,cc11f51c93,4527,5,40,0,65,0,38355751666
"Palermo, il Porto",72157687801943471,38385408121,dce89375ab,4535,5,94,0,72,0,38356193856
"Palermo, le Porte",72157687308321742,38331816956,cc11f51c93,4527,5,40,0,65,0,38356922406
"Palermo, la Marina",72157663333525298,38796277182,1e546db4c6,4526,5,48,0,51,0,38376764832
"Palermo, le Porte",72157687308321742,38331816956,cc11f51c93,4527,5,40,0,65,0,38376764832
"Palermo, le Piazze",72157666391675469,26655930469,4483ae88f2,4551,5,106,0,115,0,38376768046
"Palermo, le Porte",72157687308321742,38331816956,cc11f51c93,4527,5,40,0,65,0,38377139492
"Palermo, le Vie",72157687154069622,37788707035,50102a5b3b,4571,5,125,0,116,0,38377448686
"Palermo, le Piazze",72157666391675469,26655930469,4483ae88f2,4551,5,106,0,115,0,38377888266
"Palermo, le Vie",72157687154069622,37788707035,50102a5b3b,4571,5,125,0,116,0,38377888266
"Palermo, le Piazze",72157666391675469,26655930469,4483ae88f2,4551,5,106,0,115,0,38377951056
"Palermo, le Vie",72157687154069622,37788707035,50102a5b3b,4571,5,125,0,116,0,38377951056
"Palermo, il Porto",72157687801943471,38385408121,dce89375ab,4535,5,94,0,72,0,38378529042
"Palermo, le Porte",72157687308321742,38331816956,cc11f51c93,4527,5,40,0,65,0,38380158212
"Palermo, il Porto",72157687801943471,38385408121,dce89375ab,4535,5,94,0,72,0,38380349812
"Palermo, il Porto",72157687801943471,38385408121,dce89375ab,4535,5,94,0,72,0,38383983681
"Palermo, il Porto",72157687801943471,38385408121,dce89375ab,4535,5,94,0,72,0,38384088541
"Palermo, il Porto",72157687801943471,38385408121,dce89375ab,4535,5,94,0,72,0,38384423501
"Palermo, le Porte",72157687308321742,38331816956,cc11f51c93,4527,5,40,0,65,0,38384537101
"Palermo, il Porto",72157687801943471,38385408121,dce89375ab,4535,5,94,0,72,0,38384779761
"Palermo, la Marina",72157663333525298,38796277182,1e546db4c6,4526,5,48,0,51,0,38384871721
"Palermo, le Porte",72157687308321742,38331816956,cc11f51c93,4527,5,40,0,65,0,38384871721
"Palermo, le Porte",72157687308321742,38331816956,cc11f51c93,4527,5,40,0,65,0,38385048791
"Palermo, il Porto",72157687801943471,38385408121,dce89375ab,4535,5,94,0,72,0,38385408121
"Palermo, le Porte",72157687308321742,38331816956,cc11f51c93,4527,5,40,0,65,0,38386574441
"Palermo, le Porte",72157687308321742,38331816956,cc11f51c93,4527,5,40,0,65,0,38400839032
"Palermo, le Piazze",72157666391675469,26655930469,4483ae88f2,4551,5,106,0,115,0,38401404522
"Palermo, le Piazze",72157666391675469,26655930469,4483ae88f2,4551,5,106,0,115,0,38401435512
"Palermo, le Vie",72157687154069622,37788707035,50102a5b3b,4571,5,125,0,116,0,38402277282
"Palermo, le Piazze",72157666391675469,26655930469,4483ae88f2,4551,5,106,0,115,0,38403107472
"Palermo, la Marina",72157663333525298,38796277182,1e546db4c6,4526,5,48,0,51,0,38408629641
"Palermo, le Porte",72157687308321742,38331816956,cc11f51c93,4527,5,40,0,65,0,38408629641
"Palermo, le Piazze",72157666391675469,26655930469,4483ae88f2,4551,5,106,0,115,0,38408709641
"Palermo, le Porte",72157687308321742,38331816956,cc11f51c93,4527,5,40,0,65,0,38408709641
"Palermo, il Porto",72157687801943471,38385408121,dce89375ab,4535,5,94,0,72,0,38410019091
"Palermo, il Porto",72157687801943471,38385408121,dce89375ab,4535,5,94,0,72,0,38410679471
"Palermo, le Porte",72157687308321742,38331816956,cc11f51c93,4527,5,40,0,65,0,38411176561
"Palermo, le Porte",72157687308321742,38331816956,cc11f51c93,4527,5,40,0,65,0,38411497451
"Palermo, la Cala",72157688389942214,37889303806,3f1d1de170,4484,5,96,0,30,0,38411497451
"Palermo, il Porto",72157687801943471,38385408121,dce89375ab,4535,5,94,0,72,0,38412095491
"Palermo, le Porte",72157687308321742,38331816956,cc11f51c93,4527,5,40,0,65,0,38412501481
"Palermo, le Vie",72157687154069622,37788707035,50102a5b3b,4571,5,125,0,116,0,38421026802
"Palermo, le Vie",72157687154069622,37788707035,50102a5b3b,4571,5,125,0,116,0,38424392512
"Palermo, le Vie",72157687154069622,37788707035,50102a5b3b,4571,5,125,0,116,0,38424482492
"Palermo, le vie dell'Acqua",72157691908983201,26942704379,fc82b0de13,4555,5,25,0,17,0,38424575982
"Palermo, le Vie",72157687154069622,37788707035,50102a5b3b,4571,5,125,0,116,0,38424575982
"Palermo, le Piazze",72157666391675469,26655930469,4483ae88f2,4551,5,106,0,115,0,38432316751
"Palermo, le Piazze",72157666391675469,26655930469,4483ae88f2,4551,5,106,0,115,0,38432637131
"Palermo, il Porto",72157687801943471,38385408121,dce89375ab,4535,5,94,0,72,0,38432915951
"Palermo, le Vie",72157687154069622,37788707035,50102a5b3b,4571,5,125,0,116,0,38433070261
"Palermo, le Vie",72157687154069622,37788707035,50102a5b3b,4571,5,125,0,116,0,38433599081
"Palermo, le Piazze",72157666391675469,26655930469,4483ae88f2,4551,5,106,0,115,0,38434565171
"Palermo, le Vie",72157687154069622,37788707035,50102a5b3b,4571,5,125,0,116,0,38453241401
"Palermo, le Vie",72157687154069622,37788707035,50102a5b3b,4571,5,125,0,116,0,38453706831
"Palermo, le Piazze",72157666391675469,26655930469,4483ae88f2,4551,5,106,0,115,0,38481698836
"Palermo, le Piazze",72157666391675469,26655930469,4483ae88f2,4551,5,106,0,115,0,38500509706
"Palermo, le Piazze",72157666391675469,26655930469,4483ae88f2,4551,5,106,0,115,0,38500567076
"Palermo, le Piazze",72157666391675469,26655930469,4483ae88f2,4551,5,106,0,115,0,38500738436
"Palermo, le Piazze",72157666391675469,26655930469,4483ae88f2,4551,5,106,0,115,0,38500852016
"Palermo, le Piazze",72157666391675469,26655930469,4483ae88f2,4551,5,106,0,115,0,38502298256
"Palermo, le Piazze",72157666391675469,26655930469,4483ae88f2,4551,5,106,0,115,0,38504483832
"Palermo, le Piazze",72157666391675469,26655930469,4483ae88f2,4551,5,106,0,115,0,38504602272
"Palermo, le Piazze",72157666391675469,26655930469,4483ae88f2,4551,5,106,0,115,0,38504766692
"Palermo, le Piazze",72157666391675469,26655930469,4483ae88f2,4551,5,106,0,115,0,38506150192
"Palermo, le Piazze",72157666391675469,26655930469,4483ae88f2,4551,5,106,0,115,0,38519433286
"Palermo, le Vie",72157687154069622,37788707035,50102a5b3b,4571,5,125,0,116,0,38521531056
"Palermo, le Piazze",72157666391675469,26655930469,4483ae88f2,4551,5,106,0,115,0,38525274132
"Palermo, le Piazze",72157666391675469,26655930469,4483ae88f2,4551,5,106,0,115,0,38525542882
"Palermo, le Piazze",72157666391675469,26655930469,4483ae88f2,4551,5,106,0,115,0,38525595942
"Palermo, le Piazze",72157666391675469,26655930469,4483ae88f2,4551,5,106,0,115,0,38526695552
"Palermo, le Piazze",72157666391675469,26655930469,4483ae88f2,4551,5,106,0,115,0,38537184671
"Palermo, le Piazze",72157666391675469,26655930469,4483ae88f2,4551,5,106,0,115,0,38537284081
"Palermo, le Piazze",72157666391675469,26655930469,4483ae88f2,4551,5,106,0,115,0,38537562271
"Palermo, le Piazze",72157666391675469,26655930469,4483ae88f2,4551,5,106,0,115,0,38538001386
"Palermo, le Piazze",72157666391675469,26655930469,4483ae88f2,4551,5,106,0,115,0,38538265156
"Palermo, le Piazze",72157666391675469,26655930469,4483ae88f2,4551,5,106,0,115,0,38538335726
"Palermo, le Vie",72157687154069622,37788707035,50102a5b3b,4571,5,125,0,116,0,38538978126
"Palermo, le Vie",72157687154069622,37788707035,50102a5b3b,4571,5,125,0,116,0,38546168222
"Palermo, le Piazze",72157666391675469,26655930469,4483ae88f2,4551,5,106,0,115,0,38557017981
"Palermo, le Vie",72157687154069622,37788707035,50102a5b3b,4571,5,125,0,116,0,38557017981
"Palermo, le Piazze",72157666391675469,26655930469,4483ae88f2,4551,5,106,0,115,0,38558624851
"Palermo, le Vie",72157687154069622,37788707035,50102a5b3b,4571,5,125,0,116,0,38565932240
"Palermo, lo Statuto",72157691910775161,39480377955,4fab63ba6a,4723,5,30,0,9,0,38566977380
"Palermo, le Piazze",72157666391675469,26655930469,4483ae88f2,4551,5,106,0,115,0,38595366421
"Palermo, le Vie",72157687154069622,37788707035,50102a5b3b,4571,5,125,0,116,0,38618342076
"Palermo, le Piazze",72157666391675469,26655930469,4483ae88f2,4551,5,106,0,115,0,38619643246
"Palermo, le Porte",72157687308321742,38331816956,cc11f51c93,4527,5,40,0,65,0,38619643246
"Palermo, le Piazze",72157666391675469,26655930469,4483ae88f2,4551,5,106,0,115,0,38640262556
"Palermo, le Piazze",72157666391675469,26655930469,4483ae88f2,4551,5,106,0,115,0,38640394086
"Palermo, le Vie",72157687154069622,37788707035,50102a5b3b,4571,5,125,0,116,0,38642173592
"Palermo, le Piazze",72157666391675469,26655930469,4483ae88f2,4551,5,106,0,115,0,38643718432
"Palermo, le Piazze",72157666391675469,26655930469,4483ae88f2,4551,5,106,0,115,0,38643798042
"Palermo, le Piazze",72157666391675469,26655930469,4483ae88f2,4551,5,106,0,115,0,38661259936
"Palermo, Sant'Erasmo",72157690260513735,38717547361,2d798fe9b4,4574,5,31,0,39,0,38662778106
"Palermo, le Vie",72157687154069622,37788707035,50102a5b3b,4571,5,125,0,116,0,38662947086
"Palermo, le Vie",72157687154069622,37788707035,50102a5b3b,4571,5,125,0,116,0,38662991926
"Palermo, le vie dell'Acqua",72157691908983201,26942704379,fc82b0de13,4555,5,25,0,17,0,38662993756
"Palermo, Sant'Erasmo",72157690260513735,38717547361,2d798fe9b4,4574,5,31,0,39,0,38662993756
"Palermo, Sant'Erasmo",72157690260513735,38717547361,2d798fe9b4,4574,5,31,0,39,0,38664296926
"Palermo, i Teatri",72157696738809002,26920747949,72b1722a80,4550,5,44,0,57,0,38664899362
"Palermo, le Vie",72157687154069622,37788707035,50102a5b3b,4571,5,125,0,116,0,38664899362
"Palermo, le Vie",72157687154069622,37788707035,50102a5b3b,4571,5,125,0,116,0,38665216902
"Palermo, le Vie",72157687154069622,37788707035,50102a5b3b,4571,5,125,0,116,0,38673823671
"Palermo, le Vie",72157687154069622,37788707035,50102a5b3b,4571,5,125,0,116,0,38673932471
"Palermo, le Piazze",72157666391675469,26655930469,4483ae88f2,4551,5,106,0,115,0,38675525621
"Palermo, le Vie",72157687154069622,37788707035,50102a5b3b,4571,5,125,0,116,0,38675525621
"Palermo, le Piazze",72157666391675469,26655930469,4483ae88f2,4551,5,106,0,115,0,38684568062
"Palermo, la Kalsa",72157692911450514,39665913454,2bf36d044f,4770,5,26,0,10,0,38684630410
"Palermo, le vie dell'Acqua",72157691908983201,26942704379,fc82b0de13,4555,5,25,0,17,0,38686449122
"Palermo, Sant'Erasmo",72157690260513735,38717547361,2d798fe9b4,4574,5,31,0,39,0,38686449122
"Palermo, le Vie",72157687154069622,37788707035,50102a5b3b,4571,5,125,0,116,0,38686688062
"Palermo, le Vie",72157687154069622,37788707035,50102a5b3b,4571,5,125,0,116,0,38697017591
"Palermo, le Piazze",72157666391675469,26655930469,4483ae88f2,4551,5,106,0,115,0,38697114281
"Palermo, le Vie",72157687154069622,37788707035,50102a5b3b,4571,5,125,0,116,0,38697298301
"Palermo, le Vie",72157687154069622,37788707035,50102a5b3b,4571,5,125,0,116,0,38697925311
"Palermo, le Vie",72157687154069622,37788707035,50102a5b3b,4571,5,125,0,116,0,38697979701
"Palermo, i Teatri",72157696738809002,26920747949,72b1722a80,4550,5,44,0,57,0,38698788211
"Palermo, le Piazze",72157666391675469,26655930469,4483ae88f2,4551,5,106,0,115,0,38698788211
"Palermo, le Vie",72157687154069622,37788707035,50102a5b3b,4571,5,125,0,116,0,38698788211
"Palermo, le Vie",72157687154069622,37788707035,50102a5b3b,4571,5,125,0,116,0,38714124295
"Palermo, Sant'Erasmo",72157690260513735,38717547361,2d798fe9b4,4574,5,31,0,39,0,38717547361
"Palermo, le Vie",72157687154069622,37788707035,50102a5b3b,4571,5,125,0,116,0,38718325061
"Palermo, Sant'Erasmo",72157690260513735,38717547361,2d798fe9b4,4574,5,31,0,39,0,38793815032
"Palermo, la Marina",72157663333525298,38796277182,1e546db4c6,4526,5,48,0,51,0,38796277182
"Palermo, Sant'Erasmo",72157690260513735,38717547361,2d798fe9b4,4574,5,31,0,39,0,38796277182
"Palermo, la Marina",72157663333525298,38796277182,1e546db4c6,4526,5,48,0,51,0,38817389072
"Palermo, Sant'Erasmo",72157690260513735,38717547361,2d798fe9b4,4574,5,31,0,39,0,38817389072
"Palermo, Sant'Erasmo",72157690260513735,38717547361,2d798fe9b4,4574,5,31,0,39,0,38821794450
"Palermo, Sant'Erasmo",72157690260513735,38717547361,2d798fe9b4,4574,5,31,0,39,0,38826789581
"Palermo, le Vie",72157687154069622,37788707035,50102a5b3b,4571,5,125,0,116,0,38827653621
"Palermo, la Marina",72157663333525298,38796277182,1e546db4c6,4526,5,48,0,51,0,38827682911
"Palermo, le Vie",72157687154069622,37788707035,50102a5b3b,4571,5,125,0,116,0,38827682911
"Palermo, il Porto",72157687801943471,38385408121,dce89375ab,4535,5,94,0,72,0,38827682911
"Palermo, la Marina",72157663333525298,38796277182,1e546db4c6,4526,5,48,0,51,0,38848943391
"Palermo, Sant'Erasmo",72157690260513735,38717547361,2d798fe9b4,4574,5,31,0,39,0,38848943391
"Palermo, le Vie",72157687154069622,37788707035,50102a5b3b,4571,5,125,0,116,0,38902180864
"Palermo, le Piazze",72157666391675469,26655930469,4483ae88f2,4551,5,106,0,115,0,38902245184
"Palermo, le Vie",72157687154069622,37788707035,50102a5b3b,4571,5,125,0,116,0,38902245184
"Palermo, disastro via Lattarini",72157691909423261,39479595285,1623f51900,4616,5,23,0,7,0,39479595285
"Palermo, le Vie",72157687154069622,37788707035,50102a5b3b,4571,5,125,0,116,0,39479595285
"Palermo, lo Statuto",72157691910775161,39480377955,4fab63ba6a,4723,5,30,0,9,0,39480377955
"Palermo, le Porte",72157687308321742,38331816956,cc11f51c93,4527,5,40,0,65,0,39480377955
"Palermo, lo Statuto",72157691910775161,39480377955,4fab63ba6a,4723,5,30,0,9,0,39480734955
"Palermo, la Marina",72157663333525298,38796277182,1e546db4c6,4526,5,48,0,51,0,39520596165
"Palermo, la Cala",72157688389942214,37889303806,3f1d1de170,4484,5,96,0,30,0,39520596165
"Palermo, la Zisa",72157689677139110,39527408970,468eee9858,868,1,17,0,17,0,39527408970
"Palermo, la Zisa",72157689677139110,39527408970,468eee9858,868,1,17,0,17,0,39527466930
"Palermo, la Zisa",72157689677139110,39527408970,468eee9858,868,1,17,0,17,0,39574005120
"Palermo, la Zisa",72157689677139110,39527408970,468eee9858,868,1,17,0,17,0,39574116790
"Palermo, la Marina",72157663333525298,38796277182,1e546db4c6,4526,5,48,0,51,0,39598488695
"Palermo, le Porte",72157687308321742,38331816956,cc11f51c93,4527,5,40,0,65,0,39598488695
"Palermo, le Vie",72157687154069622,37788707035,50102a5b3b,4571,5,125,0,116,0,39598734445
"Palermo, le Vie",72157687154069622,37788707035,50102a5b3b,4571,5,125,0,116,0,39610231881
"Palermo, la Marina",72157663333525298,38796277182,1e546db4c6,4526,5,48,0,51,0,39665485414
"Palermo, disastro via Lattarini",72157691909423261,39479595285,1623f51900,4616,5,23,0,7,0,39665614354
"Palermo, le Vie",72157687154069622,37788707035,50102a5b3b,4571,5,125,0,116,0,39665614354
"Palermo, la Kalsa",72157692911450514,39665913454,2bf36d044f,4770,5,26,0,10,0,39665913454
"Palermo, le Vie",72157687154069622,37788707035,50102a5b3b,4571,5,125,0,116,0,39665913454
"Palermo, lo Statuto",72157691910775161,39480377955,4fab63ba6a,4723,5,30,0,9,0,39666820554
"Palermo, la Marina",72157663333525298,38796277182,1e546db4c6,4526,5,48,0,51,0,39667414504
"Palermo, le Porte",72157687308321742,38331816956,cc11f51c93,4527,5,40,0,65,0,39667414504
"Palermo, la Marina",72157663333525298,38796277182,1e546db4c6,4526,5,48,0,51,0,39667459884
"Palermo, le Piazze",72157666391675469,26655930469,4483ae88f2,4551,5,106,0,115,0,39706010324
"Palermo, le Porte",72157687308321742,38331816956,cc11f51c93,4527,5,40,0,65,0,39706010324
"Palermo, le Vie",72157687154069622,37788707035,50102a5b3b,4571,5,125,0,116,0,39706010324
"Palermo, le Vie",72157687154069622,37788707035,50102a5b3b,4571,5,125,0,116,0,39735632995
"Palermo, Sant'Erasmo",72157690260513735,38717547361,2d798fe9b4,4574,5,31,0,39,0,39735883225
"Palermo, la Marina",72157663333525298,38796277182,1e546db4c6,4526,5,48,0,51,0,39784280584
"Palermo, le Porte",72157687308321742,38331816956,cc11f51c93,4527,5,40,0,65,0,39784280584
"Palermo, le Porte",72157687308321742,38331816956,cc11f51c93,4527,5,40,0,65,0,39784319494
"Palermo, la Kalsa",72157692911450514,39665913454,2bf36d044f,4770,5,26,0,10,0,39784686894
"Palermo, la Kalsa",72157692911450514,39665913454,2bf36d044f,4770,5,26,0,10,0,39784868054
"Palermo, la Kalsa",72157692911450514,39665913454,2bf36d044f,4770,5,26,0,10,0,39784945074
"Palermo, le vie dell'Acqua",72157691908983201,26942704379,fc82b0de13,4555,5,25,0,17,0,39785061284
"Palermo, la Zisa",72157689677139110,39527408970,468eee9858,868,1,17,0,17,0,39904577430
"Palermo, la Zisa",72157689677139110,39527408970,468eee9858,868,1,17,0,17,0,39904634940
"Palermo, la Marina",72157663333525298,38796277182,1e546db4c6,4526,5,48,0,51,0,40330704522
"Palermo, le vie dell'Acqua",72157691908983201,26942704379,fc82b0de13,4555,5,25,0,17,0,40330828872
"Palermo, le Vie",72157687154069622,37788707035,50102a5b3b,4571,5,125,0,116,0,40330957962
"Palermo, le Vie",72157687154069622,37788707035,50102a5b3b,4571,5,125,0,116,0,40331160422
"Palermo, le Vie",72157687154069622,37788707035,50102a5b3b,4571,5,125,0,116,0,40331531982
"Palermo, lo Statuto",72157691910775161,39480377955,4fab63ba6a,4723,5,30,0,9,0,40332158442
"Palermo, la Marina",72157663333525298,38796277182,1e546db4c6,4526,5,48,0,51,0,40372188502
"Palermo, le Porte",72157687308321742,38331816956,cc11f51c93,4527,5,40,0,65,0,40372188502
"Palermo, la Marina",72157663333525298,38796277182,1e546db4c6,4526,5,48,0,51,0,40372419182
"Palermo, la Marina",72157663333525298,38796277182,1e546db4c6,4526,5,48,0,51,0,40376261271
"Palermo, la Kalsa",72157692911450514,39665913454,2bf36d044f,4770,5,26,0,10,0,40376409871
"Palermo, le Vie",72157687154069622,37788707035,50102a5b3b,4571,5,125,0,116,0,40376409871
"Palermo, disastro via Lattarini",72157691909423261,39479595285,1623f51900,4616,5,23,0,7,0,40376865821
"Palermo, le Vie",72157687154069622,37788707035,50102a5b3b,4571,5,125,0,116,0,40376865821
"Palermo, disastro via Lattarini",72157691909423261,39479595285,1623f51900,4616,5,23,0,7,0,40376892251
"Palermo, le Vie",72157687154069622,37788707035,50102a5b3b,4571,5,125,0,116,0,40376892251
"Palermo, la Marina",72157663333525298,38796277182,1e546db4c6,4526,5,48,0,51,0,40377206971
"Palermo, la Marina",72157663333525298,38796277182,1e546db4c6,4526,5,48,0,51,0,40377247711
"Palermo, la Marina",72157663333525298,38796277182,1e546db4c6,4526,5,48,0,51,0,40377357771
"Palermo, lo Statuto",72157691910775161,39480377955,4fab63ba6a,4723,5,30,0,9,0,40377846651
"Palermo, la Marina",72157663333525298,38796277182,1e546db4c6,4526,5,48,0,51,0,40378106821
"Palermo, la Marina",72157663333525298,38796277182,1e546db4c6,4526,5,48,0,51,0,40378325061
"Palermo, la Marina",72157663333525298,38796277182,1e546db4c6,4526,5,48,0,51,0,40415603641
"Palermo, le Porte",72157687308321742,38331816956,cc11f51c93,4527,5,40,0,65,0,40415603641
"Palermo, la Cala",72157688389942214,37889303806,3f1d1de170,4484,5,96,0,30,0,40415603641
"Palermo, la Marina",72157663333525298,38796277182,1e546db4c6,4526,5,48,0,51,0,40415687231
"Palermo, Sant'Erasmo",72157690260513735,38717547361,2d798fe9b4,4574,5,31,0,39,0,40415687231
"Palermo, la Marina",72157663333525298,38796277182,1e546db4c6,4526,5,48,0,51,0,40416332721
"Palermo, Sant'Erasmo",72157690260513735,38717547361,2d798fe9b4,4574,5,31,0,39,0,40416332721
"Palermo, la Zisa",72157689677139110,39527408970,468eee9858,868,1,17,0,17,0,40486555275
"Palermo, la Zisa",72157689677139110,39527408970,468eee9858,868,1,17,0,17,0,40486642085
"Palermo, le Vie",72157687154069622,37788707035,50102a5b3b,4571,5,125,0,116,0,40494765441
"Palermo, le Vie",72157687154069622,37788707035,50102a5b3b,4571,5,125,0,116,0,40589771472
"Palermo, le vie dell'Acqua",72157691908983201,26942704379,fc82b0de13,4555,5,25,0,17,0,40590043882
"Palermo, il Palazzo Reale",72157668271638498,40994349474,8a28535450,958,1,35,0,68,0,40618846560
"Palermo, le vie dell'Acqua",72157691908983201,26942704379,fc82b0de13,4555,5,25,0,17,0,40631718391
"Palermo, la Zisa",72157689677139110,39527408970,468eee9858,868,1,17,0,17,0,40667783244
"Palermo, la Zisa",72157689677139110,39527408970,468eee9858,868,1,17,0,17,0,40669659784
"Palermo, i Palazzi",72157696025498881,40827297940,0a6ae6ca87,1739,2,48,0,49,0,40827297940
"Palermo, il Palazzo Reale",72157668271638498,40994349474,8a28535450,958,1,35,0,68,0,40898421495
"Palermo, il Palazzo Reale",72157668271638498,40994349474,8a28535450,958,1,35,0,68,0,40899994645
"Palermo, il Palazzo Reale",72157668271638498,40994349474,8a28535450,958,1,35,0,68,0,40994349474
"Palermo, il Palazzo Reale",72157668271638498,40994349474,8a28535450,958,1,35,0,68,0,40995004094
"Palermo, il Palazzo Reale",72157668271638498,40994349474,8a28535450,958,1,35,0,68,0,40995004424
"Palermo, il Palazzo Reale",72157668271638498,40994349474,8a28535450,958,1,35,0,68,0,40995004704
"Palermo, il Palazzo Reale",72157668271638498,40994349474,8a28535450,958,1,35,0,68,0,40995004884
"Palermo, il Palazzo Reale",72157668271638498,40994349474,8a28535450,958,1,35,0,68,0,41080566284
"Palermo, il Palazzo Reale",72157668271638498,40994349474,8a28535450,958,1,35,0,68,0,41080915634
"Palermo, il Palazzo Reale",72157668271638498,40994349474,8a28535450,958,1,35,0,68,0,41081033864
"Palermo, il Palazzo Reale",72157668271638498,40994349474,8a28535450,958,1,35,0,68,0,41081600234
"Palermo, la Zisa",72157689677139110,39527408970,468eee9858,868,1,17,0,17,0,41337111161
"Palermo, la Zisa",72157689677139110,39527408970,468eee9858,868,1,17,0,17,0,41381611581
"Palermo, la Zisa",72157689677139110,39527408970,468eee9858,868,1,17,0,17,0,41383408691
"Palermo, Ville e dimore storiche",72157698240123224,42306676705,9f60fe62e8,847,1,81,0,103,0,41401068060
"Palermo, Ville e dimore storiche",72157698240123224,42306676705,9f60fe62e8,847,1,81,0,103,0,41507091820
"Palermo, il Palazzo Reale",72157668271638498,40994349474,8a28535450,958,1,35,0,68,0,41522864165
"Palermo, il Palazzo Reale",72157668271638498,40994349474,8a28535450,958,1,35,0,68,0,41522940415
"Palermo, il Palazzo Reale",72157668271638498,40994349474,8a28535450,958,1,35,0,68,0,41522940685
"Palermo, il Palazzo Reale",72157668271638498,40994349474,8a28535450,958,1,35,0,68,0,41522940775
"Palermo, il Palazzo Reale",72157668271638498,40994349474,8a28535450,958,1,35,0,68,0,41522941035
"Palermo, il Palazzo Reale",72157668271638498,40994349474,8a28535450,958,1,35,0,68,0,41522941275
"Palermo, il Palazzo Reale",72157668271638498,40994349474,8a28535450,958,1,35,0,68,0,41522941445
"Palermo, il Palazzo Reale",72157668271638498,40994349474,8a28535450,958,1,35,0,68,0,41522941515
"Palermo, il Palazzo Reale",72157668271638498,40994349474,8a28535450,958,1,35,0,68,0,41522941975
"Palermo, il Palazzo Reale",72157668271638498,40994349474,8a28535450,958,1,35,0,68,0,41522942165
"Palermo, il Palazzo Reale",72157668271638498,40994349474,8a28535450,958,1,35,0,68,0,41522942415
"Palermo, il Palazzo Reale",72157668271638498,40994349474,8a28535450,958,1,35,0,68,0,41522942615
"Palermo, il Palazzo Reale",72157668271638498,40994349474,8a28535450,958,1,35,0,68,0,41522942755
"Palermo, il Palazzo Reale",72157668271638498,40994349474,8a28535450,958,1,35,0,68,0,41522942955
"Palermo, il Palazzo Reale",72157668271638498,40994349474,8a28535450,958,1,35,0,68,0,41524031975
"Palermo, il Palazzo Reale",72157668271638498,40994349474,8a28535450,958,1,35,0,68,0,41524853445
"Palermo, i Palazzi",72157696025498881,40827297940,0a6ae6ca87,1739,2,48,0,49,0,41526724030
"Palermo, i Palazzi",72157696025498881,40827297940,0a6ae6ca87,1739,2,48,0,49,0,41527252810
"Palermo, Ville e dimore storiche",72157698240123224,42306676705,9f60fe62e8,847,1,81,0,103,0,41549222920
"Palermo, i Palazzi",72157696025498881,40827297940,0a6ae6ca87,1739,2,48,0,49,0,41549716010
"Palermo, Ville e dimore storiche",72157698240123224,42306676705,9f60fe62e8,847,1,81,0,103,0,41549940890
"Palermo, la Cuba",72157695748130741,41746428954,4753205871,1727,2,16,0,5,0,41567022035
"Palermo, il Palazzo Reale",72157668271638498,40994349474,8a28535450,958,1,35,0,68,0,41702061134
"Palermo, il Palazzo Reale",72157668271638498,40994349474,8a28535450,958,1,35,0,68,0,41702171014
"Palermo, il Palazzo Reale",72157668271638498,40994349474,8a28535450,958,1,35,0,68,0,41702245824
"Palermo, il Palazzo Reale",72157668271638498,40994349474,8a28535450,958,1,35,0,68,0,41702246334
"Palermo, il Palazzo Reale",72157668271638498,40994349474,8a28535450,958,1,35,0,68,0,41702246864
"Palermo, il Palazzo Reale",72157668271638498,40994349474,8a28535450,958,1,35,0,68,0,41702247594
"Palermo, il Palazzo Reale",72157668271638498,40994349474,8a28535450,958,1,35,0,68,0,41702248094
"Palermo, il Palazzo Reale",72157668271638498,40994349474,8a28535450,958,1,35,0,68,0,41702248604
"Palermo, il Palazzo Reale",72157668271638498,40994349474,8a28535450,958,1,35,0,68,0,41702248994
"Palermo, il Palazzo Reale",72157668271638498,40994349474,8a28535450,958,1,35,0,68,0,41702250104
"Palermo, il Palazzo Reale",72157668271638498,40994349474,8a28535450,958,1,35,0,68,0,41702251384
"Palermo, il Palazzo Reale",72157668271638498,40994349474,8a28535450,958,1,35,0,68,0,41703378374
"Palermo, il Palazzo Reale",72157668271638498,40994349474,8a28535450,958,1,35,0,68,0,41703449484
"Palermo, il Palazzo Reale",72157668271638498,40994349474,8a28535450,958,1,35,0,68,0,41703718874
"Palermo, i Palazzi",72157696025498881,40827297940,0a6ae6ca87,1739,2,48,0,49,0,41735826765
"Palermo, la Cuba",72157695748130741,41746428954,4753205871,1727,2,16,0,5,0,41746428954
"Palermo, il Palazzo Reale",72157668271638498,40994349474,8a28535450,958,1,35,0,68,0,41755694322
"Palermo, il Palazzo Reale",72157668271638498,40994349474,8a28535450,958,1,35,0,68,0,41796895051
"Palermo, il Palazzo Reale",72157668271638498,40994349474,8a28535450,958,1,35,0,68,0,41797313371
"Palermo, il Palazzo Reale",72157668271638498,40994349474,8a28535450,958,1,35,0,68,0,41797357541
"Palermo, il Palazzo Reale",72157668271638498,40994349474,8a28535450,958,1,35,0,68,0,41798083041
"Palermo, i Palazzi",72157696025498881,40827297940,0a6ae6ca87,1739,2,48,0,49,0,41890031595
"Palermo, i Palazzi",72157696025498881,40827297940,0a6ae6ca87,1739,2,48,0,49,0,41890161345
"Palermo, i Palazzi",72157696025498881,40827297940,0a6ae6ca87,1739,2,48,0,49,0,41917540454
"Palermo, Ville e dimore storiche",72157698240123224,42306676705,9f60fe62e8,847,1,81,0,103,0,41969595780
"Palermo, i Palazzi",72157696025498881,40827297940,0a6ae6ca87,1739,2,48,0,49,0,42068616840
"Palermo, i Palazzi",72157696025498881,40827297940,0a6ae6ca87,1739,2,48,0,49,0,42068617350
"Palermo, Ville e dimore storiche",72157698240123224,42306676705,9f60fe62e8,847,1,81,0,103,0,42068618030
"Palermo, Ville e dimore storiche",72157698240123224,42306676705,9f60fe62e8,847,1,81,0,103,0,42068618420
"Palermo, le Vie",72157687154069622,37788707035,50102a5b3b,4571,5,125,0,116,0,42068618900
"Palermo, i Palazzi",72157696025498881,40827297940,0a6ae6ca87,1739,2,48,0,49,0,42068619120
"Palermo, Ville e dimore storiche",72157698240123224,42306676705,9f60fe62e8,847,1,81,0,103,0,42068619280
"Palermo, Ville e dimore storiche",72157698240123224,42306676705,9f60fe62e8,847,1,81,0,103,0,42068619660
"Palermo, Ville e dimore storiche",72157698240123224,42306676705,9f60fe62e8,847,1,81,0,103,0,42068619950
"Palermo, Ville e dimore storiche",72157698240123224,42306676705,9f60fe62e8,847,1,81,0,103,0,42068620250
"Palermo, Ville e dimore storiche",72157698240123224,42306676705,9f60fe62e8,847,1,81,0,103,0,42068620440
"Palermo, Ville e dimore storiche",72157698240123224,42306676705,9f60fe62e8,847,1,81,0,103,0,42068620680
"Palermo, i Palazzi",72157696025498881,40827297940,0a6ae6ca87,1739,2,48,0,49,0,42068620880
"Palermo, i Palazzi",72157696025498881,40827297940,0a6ae6ca87,1739,2,48,0,49,0,42068621060
"Palermo, i Palazzi",72157696025498881,40827297940,0a6ae6ca87,1739,2,48,0,49,0,42068621270
"Palermo, i Palazzi",72157696025498881,40827297940,0a6ae6ca87,1739,2,48,0,49,0,42068621530
"Palermo, le Piazze",72157666391675469,26655930469,4483ae88f2,4551,5,106,0,115,0,42068621530
"Palermo, i Palazzi",72157696025498881,40827297940,0a6ae6ca87,1739,2,48,0,49,0,42068621670
"Palermo, le Piazze",72157666391675469,26655930469,4483ae88f2,4551,5,106,0,115,0,42068621670
"Palermo, i Palazzi",72157696025498881,40827297940,0a6ae6ca87,1739,2,48,0,49,0,42068621850
"Palermo, i Palazzi",72157696025498881,40827297940,0a6ae6ca87,1739,2,48,0,49,0,42068622080
"Palermo, i Palazzi",72157696025498881,40827297940,0a6ae6ca87,1739,2,48,0,49,0,42072241294
"Palermo, i Palazzi",72157696025498881,40827297940,0a6ae6ca87,1739,2,48,0,49,0,42073423974
"Palermo, i Palazzi",72157696025498881,40827297940,0a6ae6ca87,1739,2,48,0,49,0,42073513144
"Palermo, i Palazzi",72157696025498881,40827297940,0a6ae6ca87,1739,2,48,0,49,0,42073610184
"Palermo, i Palazzi",72157696025498881,40827297940,0a6ae6ca87,1739,2,48,0,49,0,42073750484
"Palermo, i Teatri",72157696738809002,26920747949,72b1722a80,4550,5,44,0,57,0,42090359580
"Palermo, i Teatri",72157696738809002,26920747949,72b1722a80,4550,5,44,0,57,0,42090359880
"Palermo, i Teatri",72157696738809002,26920747949,72b1722a80,4550,5,44,0,57,0,42090360020
"Palermo, i Teatri",72157696738809002,26920747949,72b1722a80,4550,5,44,0,57,0,42090360090
"Palermo, i Teatri",72157696738809002,26920747949,72b1722a80,4550,5,44,0,57,0,42090360320
"Palermo, Ville e dimore storiche",72157698240123224,42306676705,9f60fe62e8,847,1,81,0,103,0,42133278290
"Palermo, Ville e dimore storiche",72157698240123224,42306676705,9f60fe62e8,847,1,81,0,103,0,42133528580
"Palermo, Parchi e Ville",72157704964923074,45283179852,9e76ce1c3c,1905,2,18,0,14,0,42133556130
"Palermo, Ville e dimore storiche",72157698240123224,42306676705,9f60fe62e8,847,1,81,0,103,0,42133556130
"Palermo, Ville e dimore storiche",72157698240123224,42306676705,9f60fe62e8,847,1,81,0,103,0,42133597480
"Palermo, Ville e dimore storiche",72157698240123224,42306676705,9f60fe62e8,847,1,81,0,103,0,42133961110
"Palermo, i Teatri",72157696738809002,26920747949,72b1722a80,4550,5,44,0,57,0,42255800910
"Palermo, i Teatri",72157696738809002,26920747949,72b1722a80,4550,5,44,0,57,0,42255801180
"Palermo, i Teatri",72157696738809002,26920747949,72b1722a80,4550,5,44,0,57,0,42255801310
"Palermo, i Teatri",72157696738809002,26920747949,72b1722a80,4550,5,44,0,57,0,42255801480
"Palermo, i Teatri",72157696738809002,26920747949,72b1722a80,4550,5,44,0,57,0,42255802030
"Palermo, i Teatri",72157696738809002,26920747949,72b1722a80,4550,5,44,0,57,0,42255802240
"Palermo, gli Alberghi",72157697070534502,44018710162,76de31697a,1838,2,30,0,89,0,42257687170
"Palermo, gli Alberghi",72157697070534502,44018710162,76de31697a,1838,2,30,0,89,0,42257818300
"Palermo, Ville e dimore storiche",72157698240123224,42306676705,9f60fe62e8,847,1,81,0,103,0,42306676705
"Palermo, il Palazzo Reale",72157668271638498,40994349474,8a28535450,958,1,35,0,68,0,42375305722
"Palermo, il Palazzo Reale",72157668271638498,40994349474,8a28535450,958,1,35,0,68,0,42375305882
"Palermo, il Palazzo Reale",72157668271638498,40994349474,8a28535450,958,1,35,0,68,0,42376540982
"Palermo, il Palazzo Reale",72157668271638498,40994349474,8a28535450,958,1,35,0,68,0,42376751502
"Palermo, il Palazzo Reale",72157668271638498,40994349474,8a28535450,958,1,35,0,68,0,42377226372
"Palermo, il Palazzo Reale",72157668271638498,40994349474,8a28535450,958,1,35,0,68,0,42377490392
"Palermo, i Palazzi",72157696025498881,40827297940,0a6ae6ca87,1739,2,48,0,49,0,42412712435
"Palermo, la Cuba",72157695748130741,41746428954,4753205871,1727,2,16,0,5,0,42419232252
"Palermo, il Palazzo Reale",72157668271638498,40994349474,8a28535450,958,1,35,0,68,0,42425000491
"Palermo, il Palazzo Reale",72157668271638498,40994349474,8a28535450,958,1,35,0,68,0,42426662131
"Palermo, il Palazzo Reale",72157668271638498,40994349474,8a28535450,958,1,35,0,68,0,42427240421
"Palermo, Ville e dimore storiche",72157698240123224,42306676705,9f60fe62e8,847,1,81,0,103,0,42432013665
"Palermo, i Palazzi",72157696025498881,40827297940,0a6ae6ca87,1739,2,48,0,49,0,42432767515
"Palermo, le Piazze",72157666391675469,26655930469,4483ae88f2,4551,5,106,0,115,0,42432767515
"Palermo, Ville e dimore storiche",72157698240123224,42306676705,9f60fe62e8,847,1,81,0,103,0,42454155295
"Palermo, Ville e dimore storiche",72157698240123224,42306676705,9f60fe62e8,847,1,81,0,103,0,42454693055
"Palermo, Ville e dimore storiche",72157698240123224,42306676705,9f60fe62e8,847,1,81,0,103,0,42574313374
"Palermo, le vie dell'Acqua",72157691908983201,26942704379,fc82b0de13,4555,5,25,0,17,0,42574313374
"Palermo, Ville e dimore storiche",72157698240123224,42306676705,9f60fe62e8,847,1,81,0,103,0,42574379204
"Palermo, Ville e dimore storiche",72157698240123224,42306676705,9f60fe62e8,847,1,81,0,103,0,42574470894
"Palermo, le vie dell'Acqua",72157691908983201,26942704379,fc82b0de13,4555,5,25,0,17,0,42574470894
"Palermo, Ville e dimore storiche",72157698240123224,42306676705,9f60fe62e8,847,1,81,0,103,0,42576140404
"Palermo, i Palazzi",72157696025498881,40827297940,0a6ae6ca87,1739,2,48,0,49,0,42584501232
"Palermo, i Palazzi",72157696025498881,40827297940,0a6ae6ca87,1739,2,48,0,49,0,42584666292
"Palermo, Ville e dimore storiche",72157698240123224,42306676705,9f60fe62e8,847,1,81,0,103,0,42597786894
"Palermo, i Palazzi",72157696025498881,40827297940,0a6ae6ca87,1739,2,48,0,49,0,42635726641
"Palermo, i Palazzi",72157696025498881,40827297940,0a6ae6ca87,1739,2,48,0,49,0,42641377264
"Palermo, le Piazze",72157666391675469,26655930469,4483ae88f2,4551,5,106,0,115,0,42641377264
"Palermo, i Palazzi",72157696025498881,40827297940,0a6ae6ca87,1739,2,48,0,49,0,42641776674
"Palermo, Ville e dimore storiche",72157698240123224,42306676705,9f60fe62e8,847,1,81,0,103,0,42642198254
"Palermo, Ville e dimore storiche",72157698240123224,42306676705,9f60fe62e8,847,1,81,0,103,0,42701568985
"Palermo, i Palazzi",72157696025498881,40827297940,0a6ae6ca87,1739,2,48,0,49,0,42741068722
"Palermo, i Palazzi",72157696025498881,40827297940,0a6ae6ca87,1739,2,48,0,49,0,42791026301
"Palermo, i Palazzi",72157696025498881,40827297940,0a6ae6ca87,1739,2,48,0,49,0,42791185291
"Palermo, le Piazze",72157666391675469,26655930469,4483ae88f2,4551,5,106,0,115,0,42791185291
"Palermo, i Palazzi",72157696025498881,40827297940,0a6ae6ca87,1739,2,48,0,49,0,42866314934
"Palermo, Ville e dimore storiche",72157698240123224,42306676705,9f60fe62e8,847,1,81,0,103,0,42866416784
"Palermo, Ville e dimore storiche",72157698240123224,42306676705,9f60fe62e8,847,1,81,0,103,0,42866795254
"Palermo, Ville e dimore storiche",72157698240123224,42306676705,9f60fe62e8,847,1,81,0,103,0,42874483775
"Palermo, Ville e dimore storiche",72157698240123224,42306676705,9f60fe62e8,847,1,81,0,103,0,42874573525
"Palermo, Ville e dimore storiche",72157698240123224,42306676705,9f60fe62e8,847,1,81,0,103,0,42887854664
"Palermo, Ville e dimore storiche",72157698240123224,42306676705,9f60fe62e8,847,1,81,0,103,0,42896021855
"Palermo, Ville e dimore storiche",72157698240123224,42306676705,9f60fe62e8,847,1,81,0,103,0,42896022065
"Palermo, Ville e dimore storiche",72157698240123224,42306676705,9f60fe62e8,847,1,81,0,103,0,42896022165
"Palermo, Ville e dimore storiche",72157698240123224,42306676705,9f60fe62e8,847,1,81,0,103,0,42896022295
"Palermo, Ville e dimore storiche",72157698240123224,42306676705,9f60fe62e8,847,1,81,0,103,0,42896022405
"Palermo, Ville e dimore storiche",72157698240123224,42306676705,9f60fe62e8,847,1,81,0,103,0,42896022515
"Palermo, Ville e dimore storiche",72157698240123224,42306676705,9f60fe62e8,847,1,81,0,103,0,42896022645
"Palermo, Ville e dimore storiche",72157698240123224,42306676705,9f60fe62e8,847,1,81,0,103,0,42896022795
"Palermo, Ville e dimore storiche",72157698240123224,42306676705,9f60fe62e8,847,1,81,0,103,0,42896022995
"Palermo, Ville e dimore storiche",72157698240123224,42306676705,9f60fe62e8,847,1,81,0,103,0,42896023155
"Palermo, i Teatri",72157696738809002,26920747949,72b1722a80,4550,5,44,0,57,0,42994724225
"Palermo, Ville e dimore storiche",72157698240123224,42306676705,9f60fe62e8,847,1,81,0,103,0,43036191175
"Palermo, Ville e dimore storiche",72157698240123224,42306676705,9f60fe62e8,847,1,81,0,103,0,43036447685
"Palermo, Ville e dimore storiche",72157698240123224,42306676705,9f60fe62e8,847,1,81,0,103,0,43037353275
"Palermo, Ville e dimore storiche",72157698240123224,42306676705,9f60fe62e8,847,1,81,0,103,0,43037542055
"Palermo, Ville e dimore storiche",72157698240123224,42306676705,9f60fe62e8,847,1,81,0,103,0,43062257164
"Palermo, Ville e dimore storiche",72157698240123224,42306676705,9f60fe62e8,847,1,81,0,103,0,43062285684
"Palermo, i Teatri",72157696738809002,26920747949,72b1722a80,4550,5,44,0,57,0,43101999215
"Palermo, i Teatri",72157696738809002,26920747949,72b1722a80,4550,5,44,0,57,0,43102000055
"Palermo, i Teatri",72157696738809002,26920747949,72b1722a80,4550,5,44,0,57,0,43102000275
"Palermo, le Piazze",72157666391675469,26655930469,4483ae88f2,4551,5,106,0,115,0,43102000275
"Palermo, i Teatri",72157696738809002,26920747949,72b1722a80,4550,5,44,0,57,0,43102000445
"Palermo, le Piazze",72157666391675469,26655930469,4483ae88f2,4551,5,106,0,115,0,43102000445
"Palermo, i Teatri",72157696738809002,26920747949,72b1722a80,4550,5,44,0,57,0,43102000605
"Palermo, le Piazze",72157666391675469,26655930469,4483ae88f2,4551,5,106,0,115,0,43102000605
"Palermo, i Teatri",72157696738809002,26920747949,72b1722a80,4550,5,44,0,57,0,43181137654
"Palermo, i Teatri",72157696738809002,26920747949,72b1722a80,4550,5,44,0,57,0,43181137904
"Palermo, Ville e dimore storiche",72157698240123224,42306676705,9f60fe62e8,847,1,81,0,103,0,43223187864
"Palermo, Ville e dimore storiche",72157698240123224,42306676705,9f60fe62e8,847,1,81,0,103,0,43223312444
"Palermo, Ville e dimore storiche",72157698240123224,42306676705,9f60fe62e8,847,1,81,0,103,0,43223463574
"Palermo, Ville e dimore storiche",72157698240123224,42306676705,9f60fe62e8,847,1,81,0,103,0,43223488584
"Palermo, Ville e dimore storiche",72157698240123224,42306676705,9f60fe62e8,847,1,81,0,103,0,43223534564
"Palermo, Ville e dimore storiche",72157698240123224,42306676705,9f60fe62e8,847,1,81,0,103,0,43223675984
"Palermo, Ville e dimore storiche",72157698240123224,42306676705,9f60fe62e8,847,1,81,0,103,0,43223676274
"Palermo, Ville e dimore storiche",72157698240123224,42306676705,9f60fe62e8,847,1,81,0,103,0,43244638982
"Palermo, Ville e dimore storiche",72157698240123224,42306676705,9f60fe62e8,847,1,81,0,103,0,43265480402
"Palermo, Ville e dimore storiche",72157698240123224,42306676705,9f60fe62e8,847,1,81,0,103,0,43286881532
"Palermo, i Palazzi",72157696025498881,40827297940,0a6ae6ca87,1739,2,48,0,49,0,43286881532
"Palermo, le Piazze",72157666391675469,26655930469,4483ae88f2,4551,5,106,0,115,0,43286881532
"Palermo, Ville e dimore storiche",72157698240123224,42306676705,9f60fe62e8,847,1,81,0,103,0,43292623711
"Palermo, Ville e dimore storiche",72157698240123224,42306676705,9f60fe62e8,847,1,81,0,103,0,43294178181
"Palermo, le vie dell'Acqua",72157691908983201,26942704379,fc82b0de13,4555,5,25,0,17,0,43294178181
"Palermo, i Palazzi",72157696025498881,40827297940,0a6ae6ca87,1739,2,48,0,49,0,43309801612
"Palermo, Ville e dimore storiche",72157698240123224,42306676705,9f60fe62e8,847,1,81,0,103,0,43314727411
"Palermo, Ville e dimore storiche",72157698240123224,42306676705,9f60fe62e8,847,1,81,0,103,0,43315140581
"Palermo, Ville e dimore storiche",72157698240123224,42306676705,9f60fe62e8,847,1,81,0,103,0,43358224911
"Palermo, Ville e dimore storiche",72157698240123224,42306676705,9f60fe62e8,847,1,81,0,103,0,43358343481
"Palermo, i Palazzi",72157696025498881,40827297940,0a6ae6ca87,1739,2,48,0,49,0,43358468571
"Palermo, gli Alberghi",72157697070534502,44018710162,76de31697a,1838,2,30,0,89,0,43517442980
"Palermo, gli Alberghi",72157697070534502,44018710162,76de31697a,1838,2,30,0,89,0,43517443660
"Palermo, gli Alberghi",72157697070534502,44018710162,76de31697a,1838,2,30,0,89,0,43517444230
"Palermo, gli Alberghi",72157697070534502,44018710162,76de31697a,1838,2,30,0,89,0,43517444830
"Palermo, gli Alberghi",72157697070534502,44018710162,76de31697a,1838,2,30,0,89,0,43517445170
"Palermo, gli Alberghi",72157697070534502,44018710162,76de31697a,1838,2,30,0,89,0,43517445370
"Palermo, gli Alberghi",72157697070534502,44018710162,76de31697a,1838,2,30,0,89,0,43517445630
"Palermo, gli Alberghi",72157697070534502,44018710162,76de31697a,1838,2,30,0,89,0,43517445890
"Palermo, i Caff e i ristoranti",72157696870242730,45307491032,af2331fb47,1953,2,39,0,18,0,43542128790
"Palermo, gli Alberghi",72157697070534502,44018710162,76de31697a,1838,2,30,0,89,0,43542129070
"Palermo, gli Alberghi",72157697070534502,44018710162,76de31697a,1838,2,30,0,89,0,43542129730
"Palermo, gli Alberghi",72157697070534502,44018710162,76de31697a,1838,2,30,0,89,0,43542130060
"Palermo, i Caff e i ristoranti",72157696870242730,45307491032,af2331fb47,1953,2,39,0,18,0,43542130340
"Palermo, gli Alberghi",72157697070534502,44018710162,76de31697a,1838,2,30,0,89,0,43542130340
"Palermo, gli Alberghi",72157697070534502,44018710162,76de31697a,1838,2,30,0,89,0,43542130820
"Palermo, gli Alberghi",72157697070534502,44018710162,76de31697a,1838,2,30,0,89,0,43542131000
"Palermo, i Caff e i ristoranti",72157696870242730,45307491032,af2331fb47,1953,2,39,0,18,0,43542131510
"Palermo, gli Alberghi",72157697070534502,44018710162,76de31697a,1838,2,30,0,89,0,43542131510
"Palermo, gli Alberghi",72157697070534502,44018710162,76de31697a,1838,2,30,0,89,0,43542131780
"Palermo, gli Alberghi",72157697070534502,44018710162,76de31697a,1838,2,30,0,89,0,43542131990
"Palermo, gli Alberghi",72157697070534502,44018710162,76de31697a,1838,2,30,0,89,0,43542132190
"Palermo, gli Alberghi",72157697070534502,44018710162,76de31697a,1838,2,30,0,89,0,43542132410
"Palermo, gli Alberghi",72157697070534502,44018710162,76de31697a,1838,2,30,0,89,0,43542133750
"Palermo, gli Alberghi",72157697070534502,44018710162,76de31697a,1838,2,30,0,89,0,43542134260
"Palermo, gli Alberghi",72157697070534502,44018710162,76de31697a,1838,2,30,0,89,0,43542134690
"Palermo, gli Alberghi",72157697070534502,44018710162,76de31697a,1838,2,30,0,89,0,43542134880
"Palermo, gli Alberghi",72157697070534502,44018710162,76de31697a,1838,2,30,0,89,0,43542135160
"Palermo, gli Alberghi",72157697070534502,44018710162,76de31697a,1838,2,30,0,89,0,43542135600
"Palermo, gli Alberghi",72157697070534502,44018710162,76de31697a,1838,2,30,0,89,0,43542135920
"Palermo, gli Alberghi",72157697070534502,44018710162,76de31697a,1838,2,30,0,89,0,43542136390
"Palermo, gli Alberghi",72157697070534502,44018710162,76de31697a,1838,2,30,0,89,0,43542136700
"Palermo, gli Alberghi",72157697070534502,44018710162,76de31697a,1838,2,30,0,89,0,43542136950
"Palermo, gli Alberghi",72157697070534502,44018710162,76de31697a,1838,2,30,0,89,0,43542137160
"Palermo, gli Alberghi",72157697070534502,44018710162,76de31697a,1838,2,30,0,89,0,43542137430
"Palermo, gli Alberghi",72157697070534502,44018710162,76de31697a,1838,2,30,0,89,0,43542137860
"Palermo, gli Alberghi",72157697070534502,44018710162,76de31697a,1838,2,30,0,89,0,43542138110
"Palermo, gli Alberghi",72157697070534502,44018710162,76de31697a,1838,2,30,0,89,0,43542138600
"Palermo, i Caff e i ristoranti",72157696870242730,45307491032,af2331fb47,1953,2,39,0,18,0,43542139140
"Palermo, gli Alberghi",72157697070534502,44018710162,76de31697a,1838,2,30,0,89,0,43542139140
"Palermo, i Palazzi",72157696025498881,40827297940,0a6ae6ca87,1739,2,48,0,49,0,43557994512
"Palermo, le Porte",72157687308321742,38331816956,cc11f51c93,4527,5,40,0,65,0,43557994512
"Palermo, Ville e dimore storiche",72157698240123224,42306676705,9f60fe62e8,847,1,81,0,103,0,43584035181
"Palermo, i Palazzi",72157696025498881,40827297940,0a6ae6ca87,1739,2,48,0,49,0,43584453171
"Palermo, le Piazze",72157666391675469,26655930469,4483ae88f2,4551,5,106,0,115,0,43584453171
"Palermo, i Palazzi",72157696025498881,40827297940,0a6ae6ca87,1739,2,48,0,49,0,43584700051
"Palermo, Ville e dimore storiche",72157698240123224,42306676705,9f60fe62e8,847,1,81,0,103,0,43729887422
"Palermo, Ville e dimore storiche",72157698240123224,42306676705,9f60fe62e8,847,1,81,0,103,0,43730073032
"Palermo, i Palazzi",72157696025498881,40827297940,0a6ae6ca87,1739,2,48,0,49,0,43730179842
"Palermo, Ville e dimore storiche",72157698240123224,42306676705,9f60fe62e8,847,1,81,0,103,0,43751381162
"Palermo, Ville e dimore storiche",72157698240123224,42306676705,9f60fe62e8,847,1,81,0,103,0,43778598231
"Palermo, Ville e dimore storiche",72157698240123224,42306676705,9f60fe62e8,847,1,81,0,103,0,43778634891
"Palermo, i Teatri",72157696738809002,26920747949,72b1722a80,4550,5,44,0,57,0,43851066982
"Palermo, Ville e dimore storiche",72157698240123224,42306676705,9f60fe62e8,847,1,81,0,103,0,43893671372
"Palermo, Ville e dimore storiche",72157698240123224,42306676705,9f60fe62e8,847,1,81,0,103,0,43893851212
"Palermo, Ville e dimore storiche",72157698240123224,42306676705,9f60fe62e8,847,1,81,0,103,0,43894267352
"Palermo, Ville e dimore storiche",72157698240123224,42306676705,9f60fe62e8,847,1,81,0,103,0,43894370732
"Palermo, i Palazzi",72157696025498881,40827297940,0a6ae6ca87,1739,2,48,0,49,0,43941880201
"Palermo, i Teatri",72157696738809002,26920747949,72b1722a80,4550,5,44,0,57,0,43959484312
"Palermo, i Teatri",72157696738809002,26920747949,72b1722a80,4550,5,44,0,57,0,43959484592
"Palermo, i Teatri",72157696738809002,26920747949,72b1722a80,4550,5,44,0,57,0,43959484972
"Palermo, i Teatri",72157696738809002,26920747949,72b1722a80,4550,5,44,0,57,0,43959485282
"Palermo, i Teatri",72157696738809002,26920747949,72b1722a80,4550,5,44,0,57,0,43959485412
"Palermo, le Piazze",72157666391675469,26655930469,4483ae88f2,4551,5,106,0,115,0,43959485412
"Palermo, le Vie",72157687154069622,37788707035,50102a5b3b,4571,5,125,0,116,0,43959485412
"Palermo, i Teatri",72157696738809002,26920747949,72b1722a80,4550,5,44,0,57,0,43959485692
"Palermo, le Piazze",72157666391675469,26655930469,4483ae88f2,4551,5,106,0,115,0,43959485692
"Palermo, i Teatri",72157696738809002,26920747949,72b1722a80,4550,5,44,0,57,0,43959485952
"Palermo, le Piazze",72157666391675469,26655930469,4483ae88f2,4551,5,106,0,115,0,43959485952
"Palermo, i Teatri",72157696738809002,26920747949,72b1722a80,4550,5,44,0,57,0,43959486322
"Palermo, le Piazze",72157666391675469,26655930469,4483ae88f2,4551,5,106,0,115,0,43959486322
"Palermo, i Teatri",72157696738809002,26920747949,72b1722a80,4550,5,44,0,57,0,43959486622
"Palermo, le Piazze",72157666391675469,26655930469,4483ae88f2,4551,5,106,0,115,0,43959486622
"Palermo, i Teatri",72157696738809002,26920747949,72b1722a80,4550,5,44,0,57,0,43959486712
"Palermo, le Piazze",72157666391675469,26655930469,4483ae88f2,4551,5,106,0,115,0,43959486712
"Palermo, i Teatri",72157696738809002,26920747949,72b1722a80,4550,5,44,0,57,0,44008104801
"Palermo, le Piazze",72157666391675469,26655930469,4483ae88f2,4551,5,106,0,115,0,44008104801
"Palermo, i Teatri",72157696738809002,26920747949,72b1722a80,4550,5,44,0,57,0,44008105051
"Palermo, i Teatri",72157696738809002,26920747949,72b1722a80,4550,5,44,0,57,0,44008105681
"Palermo, i Teatri",72157696738809002,26920747949,72b1722a80,4550,5,44,0,57,0,44008106091
"Palermo, i Teatri",72157696738809002,26920747949,72b1722a80,4550,5,44,0,57,0,44008106271
"Palermo, i Teatri",72157696738809002,26920747949,72b1722a80,4550,5,44,0,57,0,44008106611
"Palermo, gli Alberghi",72157697070534502,44018710162,76de31697a,1838,2,30,0,89,0,44018709712
"Palermo, gli Alberghi",72157697070534502,44018710162,76de31697a,1838,2,30,0,89,0,44018710162
"Palermo, gli Alberghi",72157697070534502,44018710162,76de31697a,1838,2,30,0,89,0,44018710272
"Palermo, gli Alberghi",72157697070534502,44018710162,76de31697a,1838,2,30,0,89,0,44018710462
"Palermo, i Teatri",72157696738809002,26920747949,72b1722a80,4550,5,44,0,57,0,44025705241
"Palermo, le Vie",72157687154069622,37788707035,50102a5b3b,4571,5,125,0,116,0,44025705241
"Palermo, i Teatri",72157696738809002,26920747949,72b1722a80,4550,5,44,0,57,0,44025705541
"Palermo, le Vie",72157687154069622,37788707035,50102a5b3b,4571,5,125,0,116,0,44025705541
"Palermo, i Teatri",72157696738809002,26920747949,72b1722a80,4550,5,44,0,57,0,44025705651
"Palermo, le Vie",72157687154069622,37788707035,50102a5b3b,4571,5,125,0,116,0,44025705651
"Palermo, i Teatri",72157696738809002,26920747949,72b1722a80,4550,5,44,0,57,0,44025705821
"Palermo, le Vie",72157687154069622,37788707035,50102a5b3b,4571,5,125,0,116,0,44025705821
"Palermo, i Teatri",72157696738809002,26920747949,72b1722a80,4550,5,44,0,57,0,44025706021
"Palermo, le Vie",72157687154069622,37788707035,50102a5b3b,4571,5,125,0,116,0,44025706021
"Palermo, i Teatri",72157696738809002,26920747949,72b1722a80,4550,5,44,0,57,0,44025706171
"Palermo, le Vie",72157687154069622,37788707035,50102a5b3b,4571,5,125,0,116,0,44025706171
"Palermo, i Teatri",72157696738809002,26920747949,72b1722a80,4550,5,44,0,57,0,44064691151
"Palermo, i Teatri",72157696738809002,26920747949,72b1722a80,4550,5,44,0,57,0,44064691451
"Palermo, i Teatri",72157696738809002,26920747949,72b1722a80,4550,5,44,0,57,0,44064691631
"Palermo, i Teatri",72157696738809002,26920747949,72b1722a80,4550,5,44,0,57,0,44064691811
"Palermo, i Teatri",72157696738809002,26920747949,72b1722a80,4550,5,44,0,57,0,44064692021
"Palermo, i Teatri",72157696738809002,26920747949,72b1722a80,4550,5,44,0,57,0,44064692231
"Palermo, i Teatri",72157696738809002,26920747949,72b1722a80,4550,5,44,0,57,0,44064692281
"Palermo, gli Alberghi",72157697070534502,44018710162,76de31697a,1838,2,30,0,89,0,44419778515
"Palermo, i Caff e i ristoranti",72157696870242730,45307491032,af2331fb47,1953,2,39,0,18,0,44419779325
"Palermo, gli Alberghi",72157697070534502,44018710162,76de31697a,1838,2,30,0,89,0,44419779325
"Palermo, gli Alberghi",72157697070534502,44018710162,76de31697a,1838,2,30,0,89,0,44419878905
"Palermo, i Caff e i ristoranti",72157696870242730,45307491032,af2331fb47,1953,2,39,0,18,0,44443758165
"Palermo, i Caff e i ristoranti",72157696870242730,45307491032,af2331fb47,1953,2,39,0,18,0,44443758415
"Palermo, i Caff e i ristoranti",72157696870242730,45307491032,af2331fb47,1953,2,39,0,18,0,44443758615
"Palermo, gli Alberghi",72157697070534502,44018710162,76de31697a,1838,2,30,0,89,0,44443759905
"Palermo, gli Alberghi",72157697070534502,44018710162,76de31697a,1838,2,30,0,89,0,44443761155
"Palermo, gli Alberghi",72157697070534502,44018710162,76de31697a,1838,2,30,0,89,0,44443761495
"Palermo, gli Alberghi",72157697070534502,44018710162,76de31697a,1838,2,30,0,89,0,44443761685
"Palermo, i Caff e i ristoranti",72157696870242730,45307491032,af2331fb47,1953,2,39,0,18,0,44443761855
"Palermo, gli Alberghi",72157697070534502,44018710162,76de31697a,1838,2,30,0,89,0,44443761855
"Palermo, gli Alberghi",72157697070534502,44018710162,76de31697a,1838,2,30,0,89,0,44443762025
"Palermo, gli Alberghi",72157697070534502,44018710162,76de31697a,1838,2,30,0,89,0,44443763045
"Palermo, gli Alberghi",72157697070534502,44018710162,76de31697a,1838,2,30,0,89,0,44443763555
"Palermo, gli Alberghi",72157697070534502,44018710162,76de31697a,1838,2,30,0,89,0,44443764545
"Palermo, gli Alberghi",72157697070534502,44018710162,76de31697a,1838,2,30,0,89,0,44443765065
"Palermo, i Caff e i ristoranti",72157696870242730,45307491032,af2331fb47,1953,2,39,0,18,0,44443765205
"Palermo, gli Alberghi",72157697070534502,44018710162,76de31697a,1838,2,30,0,89,0,44443765205
"Palermo, gli Alberghi",72157697070534502,44018710162,76de31697a,1838,2,30,0,89,0,44443765565
"Palermo, i Caff e i ristoranti",72157696870242730,45307491032,af2331fb47,1953,2,39,0,18,0,45283161602
"Palermo, gli Alberghi",72157697070534502,44018710162,76de31697a,1838,2,30,0,89,0,45283161602
"Palermo, gli Alberghi",72157697070534502,44018710162,76de31697a,1838,2,30,0,89,0,45283161992
"Palermo, i Caff e i ristoranti",72157696870242730,45307491032,af2331fb47,1953,2,39,0,18,0,45283162392
"Palermo, gli Alberghi",72157697070534502,44018710162,76de31697a,1838,2,30,0,89,0,45283162392
"Palermo, gli Alberghi",72157697070534502,44018710162,76de31697a,1838,2,30,0,89,0,45283162602
"Palermo, i Caff e i ristoranti",72157696870242730,45307491032,af2331fb47,1953,2,39,0,18,0,45283162882
"Palermo, gli Alberghi",72157697070534502,44018710162,76de31697a,1838,2,30,0,89,0,45283162882
"Palermo, gli Alberghi",72157697070534502,44018710162,76de31697a,1838,2,30,0,89,0,45283163222
"Palermo, gli Alberghi",72157697070534502,44018710162,76de31697a,1838,2,30,0,89,0,45283163452
"Palermo, gli Alberghi",72157697070534502,44018710162,76de31697a,1838,2,30,0,89,0,45283177952
"Palermo, gli Alberghi",72157697070534502,44018710162,76de31697a,1838,2,30,0,89,0,45283178342
"Palermo, gli Alberghi",72157697070534502,44018710162,76de31697a,1838,2,30,0,89,0,45283178692
"Palermo, gli Alberghi",72157697070534502,44018710162,76de31697a,1838,2,30,0,89,0,45283179132
"Palermo, gli Alberghi",72157697070534502,44018710162,76de31697a,1838,2,30,0,89,0,45283179432
"Palermo, Parchi e Ville",72157704964923074,45283179852,9e76ce1c3c,1905,2,18,0,14,0,45283179852
"Palermo, gli Alberghi",72157697070534502,44018710162,76de31697a,1838,2,30,0,89,0,45283179852
"Palermo, gli Alberghi",72157697070534502,44018710162,76de31697a,1838,2,30,0,89,0,45283180162
"Palermo, Ville e dimore storiche",72157698240123224,42306676705,9f60fe62e8,847,1,81,0,103,0,45283180162
"Palermo, gli Alberghi",72157697070534502,44018710162,76de31697a,1838,2,30,0,89,0,45283180472
"Palermo, gli Alberghi",72157697070534502,44018710162,76de31697a,1838,2,30,0,89,0,45283180822
"Palermo, gli Alberghi",72157697070534502,44018710162,76de31697a,1838,2,30,0,89,0,45283181222
"Palermo, gli Alberghi",72157697070534502,44018710162,76de31697a,1838,2,30,0,89,0,45283181562
"Palermo, gli Alberghi",72157697070534502,44018710162,76de31697a,1838,2,30,0,89,0,45283182182
"Palermo, gli Alberghi",72157697070534502,44018710162,76de31697a,1838,2,30,0,89,0,45283182472
"Palermo, i Caff e i ristoranti",72157696870242730,45307491032,af2331fb47,1953,2,39,0,18,0,45307490512
"Palermo, Parchi e Ville",72157704964923074,45283179852,9e76ce1c3c,1905,2,18,0,14,0,45307490682
"Palermo, i Caff e i ristoranti",72157696870242730,45307491032,af2331fb47,1953,2,39,0,18,0,45307490682
"Palermo, i Caff e i ristoranti",72157696870242730,45307491032,af2331fb47,1953,2,39,0,18,0,45307491032
"Palermo, gli Alberghi",72157697070534502,44018710162,76de31697a,1838,2,30,0,89,0,45307491642
"Palermo, gli Alberghi",72157697070534502,44018710162,76de31697a,1838,2,30,0,89,0,45307492492
"Palermo, gli Alberghi",72157697070534502,44018710162,76de31697a,1838,2,30,0,89,0,45307493252
"Palermo, gli Alberghi",72157697070534502,44018710162,76de31697a,1838,2,30,0,89,0,45307494292
"Palermo, gli Alberghi",72157697070534502,44018710162,76de31697a,1838,2,30,0,89,0,45333033891
"Palermo, i Caff e i ristoranti",72157696870242730,45307491032,af2331fb47,1953,2,39,0,18,0,45333034341
"Palermo, gli Alberghi",72157697070534502,44018710162,76de31697a,1838,2,30,0,89,0,45333034341
"Palermo, gli Alberghi",72157697070534502,44018710162,76de31697a,1838,2,30,0,89,0,45333034621
"Palermo, i Caff e i ristoranti",72157696870242730,45307491032,af2331fb47,1953,2,39,0,18,0,45333034951
"Palermo, gli Alberghi",72157697070534502,44018710162,76de31697a,1838,2,30,0,89,0,45333034951
"Palermo, Parchi e Ville",72157704964923074,45283179852,9e76ce1c3c,1905,2,18,0,14,0,46157111395
"Palermo, Parchi e Ville",72157704964923074,45283179852,9e76ce1c3c,1905,2,18,0,14,0,46346691854
"Palermo, Parchi e Ville",72157704964923074,45283179852,9e76ce1c3c,1905,2,18,0,14,0,46346821734
"Palermo, Parchi e Ville",72157704964923074,45283179852,9e76ce1c3c,1905,2,18,0,14,0,46583959714
"Palermo, Parchi e Ville",72157704964923074,45283179852,9e76ce1c3c,1905,2,18,0,14,0,47018455372
"Palermo, Parchi e Ville",72157704964923074,45283179852,9e76ce1c3c,1905,2,18,0,14,0,47070518831
"Palermo, Parchi e Ville",72157704964923074,45283179852,9e76ce1c3c,1905,2,18,0,14,0,47254887932
